Month,State,Coal_Production_TWh,Coal_Consumption_TWh,Petroleum_Production_TWh,Petroleum_Consumption_TWh,NaturalGas_Production_TWh,NaturalGas_Consumption_TWh
2020-01-31,Andhra Pradesh,3.19,7.12,3.59,3.42,4.35,5.3
2020-01-31,Arunachal Pradesh,1.59,1.12,4.33,3.8,8.22,9.84
2020-01-31,Assam,3.97,5.04,4.85,3.17,10.0,7.67
2020-01-31,Bihar,1.62,9.76,1.89,1.72,11.81,9.99
2020-01-31,Chhattisgarh,4.56,9.16,0.85,3.88,10.48,14.73
2020-01-31,Goa,7.96,7.98,2.04,2.32,11.14,12.78
2020-01-31,Gujarat,7.9,6.26,4.11,0.77,2.28,10.07
2020-01-31,Haryana,8.37,3.42,3.93,0.59,2.46,6.16
2020-01-31,Himachal Pradesh,8.31,2.7,1.13,1.84,14.12,4.34
2020-01-31,Jharkhand,5.77,1.05,2.98,3.6,14.76,12.25
2020-01-31,Karnataka,8.09,8.03,2.69,3.05,2.72,3.65
2020-01-31,Kerala,6.49,5.53,3.67,4.87,6.83,14.24
2020-01-31,Madhya Pradesh,5.77,2.32,3.78,3.33,11.25,4.2
2020-01-31,Maharashtra,5.9,6.85,4.41,0.82,2.47,14.75
2020-01-31,Manipur,6.93,3.32,4.91,2.79,4.07,13.78
2020-01-31,Meghalaya,8.53,2.23,3.54,4.45,13.3,5.81
2020-01-31,Mizoram,9.72,5.83,2.01,0.9,3.32,10.43
2020-01-31,Nagaland,6.34,6.14,3.79,1.54,2.45,11.01
2020-01-31,Odisha,2.07,2.84,1.51,1.95,14.78,9.6
2020-01-31,Punjab,5.23,2.92,1.11,1.8,2.69,10.58
2020-01-31,Rajasthan,9.54,5.95,2.32,2.47,12.17,6.78
2020-01-31,Sikkim,8.68,8.5,2.18,3.68,5.48,6.74
2020-01-31,Tamil Nadu,1.78,3.18,4.64,4.9,11.34,8.28
2020-01-31,Telangana,4.62,6.72,4.66,4.35,9.32,8.83
2020-01-31,Tripura,7.7,7.69,2.7,4.97,9.62,13.85
2020-01-31,Uttar Pradesh,7.8,8.52,3.02,4.67,3.77,9.35
2020-01-31,Uttarakhand,5.46,1.21,4.27,2.05,14.22,2.97
2020-01-31,West Bengal,4.69,7.23,3.01,1.76,7.49,4.45
2020-02-29,Andhra Pradesh,2.28,3.57,2.2,1.72,4.48,10.62
2020-02-29,Arunachal Pradesh,8.75,2.76,1.19,4.44,7.1,13.75
2020-02-29,Assam,5.31,5.32,1.22,4.38,3.49,7.38
2020-02-29,Bihar,8.52,2.87,4.39,2.29,11.46,13.71
2020-02-29,Chhattisgarh,2.27,8.63,3.52,2.52,14.22,14.22
2020-02-29,Goa,2.92,5.24,1.93,0.62,8.01,5.42
2020-02-29,Gujarat,3.73,3.71,1.8,3.52,12.08,13.68
2020-02-29,Haryana,5.28,9.06,2.41,1.98,3.32,7.32
2020-02-29,Himachal Pradesh,7.43,1.48,3.6,3.4,13.78,3.6
2020-02-29,Jharkhand,9.43,9.43,4.9,0.61,14.85,10.78
2020-02-29,Karnataka,7.27,4.28,0.82,3.99,6.4,7.02
2020-02-29,Kerala,4.93,7.31,2.78,4.13,9.04,7.9
2020-02-29,Madhya Pradesh,4.83,8.38,3.88,1.19,5.44,9.71
2020-02-29,Maharashtra,5.35,6.62,2.4,4.63,8.73,13.92
2020-02-29,Manipur,3.91,6.47,0.86,1.67,14.06,7.79
2020-02-29,Meghalaya,3.7,1.29,1.49,1.9,2.88,5.75
2020-02-29,Mizoram,5.08,1.28,3.68,0.69,11.65,6.85
2020-02-29,Nagaland,5.67,3.78,3.63,1.77,8.42,9.24
2020-02-29,Odisha,6.05,6.99,0.63,2.27,2.7,12.52
2020-02-29,Punjab,7.17,9.08,0.53,0.56,12.95,6.11
2020-02-29,Rajasthan,9.22,4.8,1.47,4.22,13.78,11.68
2020-02-29,Sikkim,2.37,3.08,3.46,1.79,5.29,10.45
2020-02-29,Tamil Nadu,3.46,4.91,1.72,2.41,11.82,7.19
2020-02-29,Telangana,8.45,6.48,3.06,2.47,7.55,10.12
2020-02-29,Tripura,3.63,4.69,3.88,4.34,10.37,2.48
2020-02-29,Uttar Pradesh,6.99,3.27,3.31,4.68,3.75,7.95
2020-02-29,Uttarakhand,9.92,9.24,4.0,4.01,2.21,4.7
2020-02-29,West Bengal,1.81,7.81,0.53,1.93,14.15,5.16
2020-03-31,Andhra Pradesh,5.73,8.7,4.26,2.08,13.33,13.8
2020-03-31,Arunachal Pradesh,4.36,2.58,4.19,3.01,3.82,2.1
2020-03-31,Assam,2.42,8.44,3.01,3.3,7.19,8.75
2020-03-31,Bihar,9.57,7.22,2.21,1.22,8.14,13.6
2020-03-31,Chhattisgarh,2.02,8.02,3.51,0.94,10.3,3.97
2020-03-31,Goa,9.14,1.22,4.35,3.81,14.45,6.11
2020-03-31,Gujarat,4.84,3.84,4.82,4.73,11.89,11.7
2020-03-31,Haryana,5.77,8.23,0.54,4.88,11.14,13.55
2020-03-31,Himachal Pradesh,9.48,2.93,1.46,1.06,6.98,13.82
2020-03-31,Jharkhand,7.22,7.53,4.08,2.65,6.98,6.4
2020-03-31,Karnataka,7.22,3.33,1.14,2.06,6.3,8.81
2020-03-31,Kerala,3.96,1.08,2.15,1.89,5.65,4.23
2020-03-31,Madhya Pradesh,5.95,2.23,4.54,0.53,11.48,11.88
2020-03-31,Maharashtra,3.49,8.02,4.22,1.39,13.54,7.45
2020-03-31,Manipur,2.0,4.8,4.2,4.78,7.35,9.4
2020-03-31,Meghalaya,3.25,1.84,3.09,1.44,12.44,12.21
2020-03-31,Mizoram,2.55,3.94,2.91,1.97,14.83,7.4
2020-03-31,Nagaland,7.13,9.88,3.11,2.4,11.15,13.45
2020-03-31,Odisha,8.57,4.0,3.02,4.96,4.55,14.83
2020-03-31,Punjab,6.91,7.05,3.13,3.32,7.2,9.17
2020-03-31,Rajasthan,4.21,6.57,3.32,4.72,3.19,6.64
2020-03-31,Sikkim,6.71,7.42,1.93,3.48,7.45,11.91
2020-03-31,Tamil Nadu,6.41,7.88,2.69,0.85,13.37,3.71
2020-03-31,Telangana,2.95,5.7,1.31,1.0,14.73,3.35
2020-03-31,Tripura,5.55,6.16,2.5,4.35,6.07,3.47
2020-03-31,Uttar Pradesh,1.24,5.13,2.97,1.44,14.99,10.41
2020-03-31,Uttarakhand,8.82,4.43,0.89,1.9,13.04,7.94
2020-03-31,West Bengal,2.89,8.95,4.07,2.81,7.23,8.37
2020-04-30,Andhra Pradesh,1.45,1.04,1.91,3.81,12.62,5.16
2020-04-30,Arunachal Pradesh,5.1,3.56,2.23,1.48,3.21,3.96
2020-04-30,Assam,4.02,8.88,2.66,4.67,13.27,14.83
2020-04-30,Bihar,6.28,7.76,1.62,2.23,6.51,7.39
2020-04-30,Chhattisgarh,6.31,9.71,1.63,0.97,10.36,7.31
2020-04-30,Goa,6.76,4.0,3.04,2.5,10.53,12.25
2020-04-30,Gujarat,1.87,8.25,2.19,3.13,10.62,13.91
2020-04-30,Haryana,4.85,3.36,1.95,2.53,2.51,10.47
2020-04-30,Himachal Pradesh,8.42,2.9,1.43,1.58,10.18,7.01
2020-04-30,Jharkhand,5.72,2.87,4.1,1.77,12.74,9.11
2020-04-30,Karnataka,6.52,1.14,2.96,0.63,10.18,11.73
2020-04-30,Kerala,2.41,2.95,4.24,2.83,3.46,8.24
2020-04-30,Madhya Pradesh,9.41,3.9,4.32,1.56,13.65,5.65
2020-04-30,Maharashtra,1.77,2.86,4.87,1.83,5.62,5.64
2020-04-30,Manipur,3.7,5.36,1.73,1.36,4.54,6.46
2020-04-30,Meghalaya,7.59,2.95,4.49,1.79,10.92,11.3
2020-04-30,Mizoram,3.07,7.87,3.48,4.99,5.89,11.63
2020-04-30,Nagaland,4.62,2.85,2.55,1.38,6.73,9.01
2020-04-30,Odisha,6.18,9.93,2.76,0.53,11.93,10.8
2020-04-30,Punjab,7.38,5.7,2.56,2.81,11.41,13.83
2020-04-30,Rajasthan,7.88,5.03,3.2,1.45,2.75,10.29
2020-04-30,Sikkim,4.95,8.97,2.23,3.07,2.99,14.5
2020-04-30,Tamil Nadu,9.22,5.39,2.17,4.62,8.89,11.62
2020-04-30,Telangana,5.74,10.0,3.43,3.3,14.95,7.25
2020-04-30,Tripura,4.38,4.87,2.62,3.73,8.37,13.51
2020-04-30,Uttar Pradesh,1.54,6.15,4.1,2.1,10.74,12.53
2020-04-30,Uttarakhand,7.13,6.36,1.83,3.63,6.26,8.58
2020-04-30,West Bengal,5.95,1.35,2.09,1.42,14.5,10.8
2020-05-31,Andhra Pradesh,7.2,9.68,0.52,2.69,5.39,7.13
2020-05-31,Arunachal Pradesh,9.22,2.76,2.94,2.43,6.34,12.96
2020-05-31,Assam,4.6,1.17,1.16,2.42,11.79,10.92
2020-05-31,Bihar,3.37,5.21,4.26,2.22,6.18,11.72
2020-05-31,Chhattisgarh,4.96,4.2,1.16,4.76,12.26,7.23
2020-05-31,Goa,5.82,1.16,4.7,3.69,5.79,8.61
2020-05-31,Gujarat,7.8,6.58,2.13,1.45,2.06,6.97
2020-05-31,Haryana,6.17,9.41,1.31,3.09,8.29,11.68
2020-05-31,Himachal Pradesh,9.4,7.88,2.27,2.27,13.87,11.62
2020-05-31,Jharkhand,5.69,4.1,3.95,3.63,2.36,14.61
2020-05-31,Karnataka,6.09,3.94,3.92,2.81,11.81,6.34
2020-05-31,Kerala,7.23,1.09,4.29,3.36,3.69,13.04
2020-05-31,Madhya Pradesh,3.09,6.23,1.47,1.58,2.41,11.07
2020-05-31,Maharashtra,9.56,3.93,4.84,4.17,5.57,6.41
2020-05-31,Manipur,9.12,2.44,3.48,1.29,9.94,6.35
2020-05-31,Meghalaya,3.6,6.23,2.83,2.4,12.13,10.91
2020-05-31,Mizoram,1.05,5.77,1.53,2.67,10.48,5.33
2020-05-31,Nagaland,5.83,7.37,0.99,1.28,6.42,13.29
2020-05-31,Odisha,4.13,6.01,3.41,3.23,8.82,3.23
2020-05-31,Punjab,6.76,2.38,3.37,2.81,3.11,2.03
2020-05-31,Rajasthan,2.27,6.17,2.09,3.72,14.33,14.61
2020-05-31,Sikkim,5.38,6.28,1.72,0.93,4.96,3.8
2020-05-31,Tamil Nadu,1.13,1.02,1.4,0.66,6.66,7.68
2020-05-31,Telangana,4.1,1.09,1.02,1.57,11.78,3.14
2020-05-31,Tripura,7.7,4.04,3.36,2.89,2.77,12.48
2020-05-31,Uttar Pradesh,4.49,7.76,3.47,0.54,14.95,3.81
2020-05-31,Uttarakhand,2.1,1.31,0.92,4.25,2.19,5.26
2020-05-31,West Bengal,9.09,3.86,0.53,3.53,7.49,7.02
2020-06-30,Andhra Pradesh,3.58,2.77,3.45,1.74,13.28,12.1
2020-06-30,Arunachal Pradesh,8.25,9.96,3.84,3.94,10.99,10.92
2020-06-30,Assam,2.14,6.89,1.58,3.44,13.73,14.27
2020-06-30,Bihar,6.37,5.42,0.92,2.34,9.79,4.28
2020-06-30,Chhattisgarh,1.89,7.5,4.54,4.69,10.43,9.79
2020-06-30,Goa,7.63,2.3,4.12,3.65,11.09,10.74
2020-06-30,Gujarat,2.11,7.48,1.22,1.03,3.32,3.32
2020-06-30,Haryana,6.48,8.98,3.18,0.89,10.23,8.05
2020-06-30,Himachal Pradesh,2.18,5.14,3.22,1.8,8.3,6.87
2020-06-30,Jharkhand,7.5,7.02,4.8,3.9,8.38,10.94
2020-06-30,Karnataka,9.17,8.57,3.75,4.79,4.44,3.58
2020-06-30,Kerala,5.47,6.89,0.71,4.31,5.02,14.41
2020-06-30,Madhya Pradesh,5.86,7.16,3.95,0.83,3.54,9.63
2020-06-30,Maharashtra,9.67,2.39,2.09,2.62,9.15,12.03
2020-06-30,Manipur,8.55,6.46,1.69,4.24,6.88,8.3
2020-06-30,Meghalaya,4.91,1.22,3.94,1.86,11.0,2.35
2020-06-30,Mizoram,4.83,3.13,1.24,3.47,13.2,12.94
2020-06-30,Nagaland,6.78,9.39,1.46,2.36,4.03,10.55
2020-06-30,Odisha,8.66,8.41,1.84,4.1,12.52,10.16
2020-06-30,Punjab,3.96,7.73,3.77,2.55,3.24,8.46
2020-06-30,Rajasthan,8.07,4.11,0.86,4.22,4.0,7.7
2020-06-30,Sikkim,4.61,8.37,0.77,4.33,10.21,5.88
2020-06-30,Tamil Nadu,5.56,6.12,4.4,4.63,14.12,11.04
2020-06-30,Telangana,2.65,4.27,4.4,3.81,12.94,14.98
2020-06-30,Tripura,1.25,9.01,3.09,2.88,12.19,14.41
2020-06-30,Uttar Pradesh,5.79,9.62,2.98,3.45,5.79,6.33
2020-06-30,Uttarakhand,2.03,7.23,2.66,4.39,7.87,2.17
2020-06-30,West Bengal,3.03,8.02,4.21,0.53,11.51,14.39
2020-07-31,Andhra Pradesh,1.97,6.01,1.62,1.42,2.11,9.67
2020-07-31,Arunachal Pradesh,8.25,7.02,3.6,4.53,6.23,10.75
2020-07-31,Assam,5.5,1.45,2.01,4.8,2.96,14.84
2020-07-31,Bihar,5.82,7.14,2.48,4.55,3.64,7.53
2020-07-31,Chhattisgarh,7.69,9.63,0.96,4.08,8.65,7.16
2020-07-31,Goa,3.4,5.86,0.93,2.07,6.9,12.12
2020-07-31,Gujarat,7.79,6.02,3.66,4.01,14.98,14.85
2020-07-31,Haryana,8.87,8.05,1.5,2.73,10.84,9.65
2020-07-31,Himachal Pradesh,9.46,7.31,4.81,4.43,2.44,8.88
2020-07-31,Jharkhand,9.97,7.15,4.62,3.58,3.73,12.26
2020-07-31,Karnataka,5.85,3.23,2.77,4.38,10.84,5.14
2020-07-31,Kerala,3.67,5.22,2.27,0.89,11.23,14.27
2020-07-31,Madhya Pradesh,7.16,8.78,3.48,2.72,3.25,6.24
2020-07-31,Maharashtra,1.15,2.46,0.66,4.72,3.4,6.52
2020-07-31,Manipur,3.24,8.53,3.36,2.54,5.37,13.17
2020-07-31,Meghalaya,7.34,8.9,2.16,2.58,11.08,10.04
2020-07-31,Mizoram,2.21,8.63,0.57,4.4,7.49,7.63
2020-07-31,Nagaland,5.44,7.05,3.63,4.97,4.01,10.6
2020-07-31,Odisha,7.0,3.76,4.56,2.95,7.59,13.9
2020-07-31,Punjab,1.87,9.91,4.59,4.78,6.29,7.52
2020-07-31,Rajasthan,9.76,5.9,3.24,3.7,5.75,13.05
2020-07-31,Sikkim,3.15,7.79,4.18,4.13,9.31,10.45
2020-07-31,Tamil Nadu,6.18,5.02,1.7,3.09,3.48,6.01
2020-07-31,Telangana,4.88,9.11,0.79,1.2,11.39,11.31
2020-07-31,Tripura,4.97,9.71,0.7,4.03,5.73,11.39
2020-07-31,Uttar Pradesh,3.75,2.2,2.09,3.01,10.15,6.97
2020-07-31,Uttarakhand,4.01,3.68,2.28,3.37,2.2,8.54
2020-07-31,West Bengal,9.75,6.96,3.55,2.11,9.62,10.74
2020-08-31,Andhra Pradesh,4.07,1.94,4.0,3.65,3.62,12.2
2020-08-31,Arunachal Pradesh,4.33,7.0,2.97,1.43,7.47,13.01
2020-08-31,Assam,7.22,8.83,2.71,2.38,3.27,8.09
2020-08-31,Bihar,1.67,2.26,4.08,0.74,5.85,8.33
2020-08-31,Chhattisgarh,2.06,9.14,3.23,1.85,4.61,13.54
2020-08-31,Goa,9.86,8.61,4.05,4.6,7.25,11.14
2020-08-31,Gujarat,5.46,5.04,4.97,1.95,12.43,2.23
2020-08-31,Haryana,4.66,2.85,2.97,4.14,14.69,7.81
2020-08-31,Himachal Pradesh,1.05,4.38,3.82,4.73,7.11,10.08
2020-08-31,Jharkhand,7.94,7.46,4.58,2.98,14.1,4.2
2020-08-31,Karnataka,9.85,2.86,0.84,1.65,3.89,7.57
2020-08-31,Kerala,7.08,4.94,3.37,1.04,5.63,6.68
2020-08-31,Madhya Pradesh,2.46,2.84,1.97,3.51,7.08,7.39
2020-08-31,Maharashtra,2.45,4.31,4.94,2.69,7.93,14.67
2020-08-31,Manipur,7.0,8.55,2.23,1.51,11.4,11.35
2020-08-31,Meghalaya,5.27,3.92,1.78,0.63,2.65,13.07
2020-08-31,Mizoram,2.4,8.21,2.19,1.43,4.75,8.39
2020-08-31,Nagaland,7.12,4.83,4.69,0.8,9.06,13.92
2020-08-31,Odisha,4.25,2.91,4.29,1.9,4.71,2.54
2020-08-31,Punjab,7.64,1.23,0.97,4.19,7.77,4.82
2020-08-31,Rajasthan,6.7,8.09,1.1,2.75,8.35,11.3
2020-08-31,Sikkim,8.7,8.6,2.95,2.01,11.3,2.84
2020-08-31,Tamil Nadu,2.23,1.08,3.84,0.69,10.05,9.78
2020-08-31,Telangana,8.3,1.83,4.33,4.66,9.58,10.09
2020-08-31,Tripura,3.45,2.71,3.73,3.42,13.79,6.08
2020-08-31,Uttar Pradesh,3.63,4.68,2.8,1.35,9.42,6.73
2020-08-31,Uttarakhand,8.72,1.42,2.54,2.86,8.33,4.26
2020-08-31,West Bengal,5.44,3.25,1.88,2.48,2.81,4.47
2020-09-30,Andhra Pradesh,4.59,1.81,2.55,2.89,11.78,2.48
2020-09-30,Arunachal Pradesh,9.78,2.82,4.82,1.07,12.19,8.05
2020-09-30,Assam,3.48,4.07,4.63,1.54,2.99,8.5
2020-09-30,Bihar,4.35,3.47,4.81,0.54,11.81,13.89
2020-09-30,Chhattisgarh,8.03,9.52,1.73,2.3,5.02,15.0
2020-09-30,Goa,3.22,5.33,3.17,1.54,14.24,7.56
2020-09-30,Gujarat,3.86,6.15,3.46,1.44,11.02,3.91
2020-09-30,Haryana,1.3,2.35,1.65,4.04,4.81,8.64
2020-09-30,Himachal Pradesh,3.03,1.3,1.37,3.22,2.88,13.85
2020-09-30,Jharkhand,1.54,2.88,0.6,3.85,5.49,10.01
2020-09-30,Karnataka,2.26,5.86,3.33,4.26,5.0,2.6
2020-09-30,Kerala,7.58,7.02,1.45,3.29,5.39,9.18
2020-09-30,Madhya Pradesh,1.97,6.42,0.7,4.68,3.91,10.19
2020-09-30,Maharashtra,8.21,1.82,1.56,3.75,9.28,14.81
2020-09-30,Manipur,6.91,1.61,3.9,3.51,12.51,13.07
2020-09-30,Meghalaya,8.86,5.18,1.91,3.3,4.2,9.6
2020-09-30,Mizoram,4.01,4.48,3.7,4.43,7.86,8.2
2020-09-30,Nagaland,7.58,5.64,4.02,1.95,9.68,4.71
2020-09-30,Odisha,5.95,7.19,4.36,3.06,14.0,5.72
2020-09-30,Punjab,4.64,8.01,4.45,2.14,6.45,2.46
2020-09-30,Rajasthan,1.13,8.54,0.54,2.18,11.93,10.0
2020-09-30,Sikkim,2.39,4.1,2.03,3.5,8.26,11.54
2020-09-30,Tamil Nadu,4.67,6.43,2.95,1.35,6.94,5.3
2020-09-30,Telangana,1.28,6.77,3.24,3.54,5.43,9.79
2020-09-30,Tripura,6.57,5.23,4.19,3.59,5.75,9.66
2020-09-30,Uttar Pradesh,4.88,4.55,4.59,3.32,7.48,5.71
2020-09-30,Uttarakhand,8.42,7.04,1.8,4.22,14.49,6.55
2020-09-30,West Bengal,8.18,8.09,4.92,1.88,12.22,12.43
2020-10-31,Andhra Pradesh,3.36,4.41,3.15,3.79,4.28,11.21
2020-10-31,Arunachal Pradesh,1.61,4.91,1.36,1.12,6.96,6.17
2020-10-31,Assam,1.21,8.24,4.42,0.74,13.39,9.54
2020-10-31,Bihar,9.57,6.37,4.04,1.69,14.06,8.79
2020-10-31,Chhattisgarh,6.92,4.87,1.53,1.08,6.24,11.03
2020-10-31,Goa,7.23,5.83,3.53,4.22,5.21,4.82
2020-10-31,Gujarat,1.91,5.17,2.41,3.56,3.84,5.65
2020-10-31,Haryana,4.14,3.64,2.85,3.46,2.39,12.02
2020-10-31,Himachal Pradesh,1.28,7.41,3.51,3.54,7.04,7.02
2020-10-31,Jharkhand,5.22,4.45,1.43,2.85,13.01,8.7
2020-10-31,Karnataka,6.96,2.59,0.51,3.93,3.69,7.87
2020-10-31,Kerala,3.49,2.09,4.94,3.07,2.76,12.18
2020-10-31,Madhya Pradesh,5.66,6.87,1.6,4.73,11.37,11.51
2020-10-31,Maharashtra,7.33,1.41,1.61,1.5,13.02,2.33
2020-10-31,Manipur,9.75,9.45,0.95,3.51,7.94,5.76
2020-10-31,Meghalaya,8.68,6.37,1.71,0.86,10.12,8.9
2020-10-31,Mizoram,4.82,7.56,3.9,2.87,10.02,7.48
2020-10-31,Nagaland,2.31,3.06,3.08,1.55,2.32,13.46
2020-10-31,Odisha,9.78,2.24,2.51,4.73,2.72,7.5
2020-10-31,Punjab,1.41,3.59,3.07,1.41,6.44,14.3
2020-10-31,Rajasthan,4.43,1.0,4.04,2.01,7.98,3.14
2020-10-31,Sikkim,4.3,8.16,3.6,3.72,12.11,7.12
2020-10-31,Tamil Nadu,4.55,6.89,2.13,2.48,9.06,10.55
2020-10-31,Telangana,3.32,5.98,3.37,2.43,5.54,14.84
2020-10-31,Tripura,1.74,2.42,3.68,3.22,5.59,13.21
2020-10-31,Uttar Pradesh,8.95,6.84,4.05,3.05,13.31,4.44
2020-10-31,Uttarakhand,3.54,7.21,3.63,0.5,5.21,13.88
2020-10-31,West Bengal,6.94,4.88,0.6,1.95,2.05,7.05
2020-11-30,Andhra Pradesh,9.7,9.77,1.92,3.65,14.49,4.37
2020-11-30,Arunachal Pradesh,4.1,6.76,3.17,3.15,9.94,3.65
2020-11-30,Assam,3.46,7.32,0.87,3.09,3.88,2.54
2020-11-30,Bihar,5.81,6.46,1.89,1.95,10.28,2.83
2020-11-30,Chhattisgarh,1.88,4.63,3.55,4.55,9.35,2.7
2020-11-30,Goa,5.75,9.76,3.67,1.8,13.95,8.95
2020-11-30,Gujarat,7.9,8.31,2.43,0.66,14.72,6.9
2020-11-30,Haryana,3.11,1.8,1.39,4.61,3.62,9.11
2020-11-30,Himachal Pradesh,4.93,8.06,3.68,2.19,5.72,14.7
2020-11-30,Jharkhand,5.89,3.33,2.95,4.01,2.95,6.66
2020-11-30,Karnataka,8.73,3.48,1.8,3.92,13.41,13.78
2020-11-30,Kerala,2.7,5.24,3.84,4.75,11.25,14.98
2020-11-30,Madhya Pradesh,4.06,7.71,1.63,1.51,10.5,9.4
2020-11-30,Maharashtra,4.68,8.88,0.51,0.62,10.65,12.11
2020-11-30,Manipur,5.04,7.88,3.51,2.28,10.37,12.9
2020-11-30,Meghalaya,5.91,9.97,3.24,3.0,10.56,14.66
2020-11-30,Mizoram,7.43,8.15,4.87,2.81,13.46,14.2
2020-11-30,Nagaland,4.87,4.13,3.08,1.35,5.33,3.24
2020-11-30,Odisha,5.05,1.9,4.24,4.1,9.4,14.63
2020-11-30,Punjab,6.7,4.62,0.86,2.93,10.0,3.56
2020-11-30,Rajasthan,8.12,3.99,0.74,3.15,3.11,8.23
2020-11-30,Sikkim,7.78,3.35,4.08,2.29,10.73,2.99
2020-11-30,Tamil Nadu,4.35,1.17,4.65,4.5,11.09,8.08
2020-11-30,Telangana,1.86,6.1,1.72,2.93,5.08,7.88
2020-11-30,Tripura,4.52,5.85,4.85,3.46,9.62,12.83
2020-11-30,Uttar Pradesh,4.03,2.8,2.21,2.98,14.67,4.84
2020-11-30,Uttarakhand,5.23,5.43,1.58,1.66,13.64,3.89
2020-11-30,West Bengal,5.5,8.22,4.58,3.61,13.45,12.57
2020-12-31,Andhra Pradesh,2.09,3.09,0.55,1.33,12.45,9.55
2020-12-31,Arunachal Pradesh,4.06,1.45,2.6,3.89,7.26,12.76
2020-12-31,Assam,8.95,2.88,0.64,2.9,5.82,13.13
2020-12-31,Bihar,8.73,1.42,2.9,1.96,2.04,7.82
2020-12-31,Chhattisgarh,9.55,3.38,3.4,3.92,8.75,10.08
2020-12-31,Goa,5.18,3.59,1.4,2.09,7.06,8.26
2020-12-31,Gujarat,8.57,2.04,1.49,4.87,4.84,13.4
2020-12-31,Haryana,7.31,3.84,1.56,1.26,12.42,11.44
2020-12-31,Himachal Pradesh,1.61,4.12,3.73,4.88,6.65,4.56
2020-12-31,Jharkhand,1.95,7.04,4.79,1.6,10.64,3.03
2020-12-31,Karnataka,6.17,6.74,0.53,3.99,13.22,11.95
2020-12-31,Kerala,4.91,1.18,0.54,2.37,4.23,13.02
2020-12-31,Madhya Pradesh,1.75,1.69,0.85,4.62,4.23,4.7
2020-12-31,Maharashtra,2.19,3.37,3.66,3.3,14.43,8.87
2020-12-31,Manipur,2.97,4.75,3.59,0.87,14.61,6.33
2020-12-31,Meghalaya,5.33,4.25,0.52,0.7,4.94,7.71
2020-12-31,Mizoram,8.31,8.74,2.06,1.73,4.03,14.01
2020-12-31,Nagaland,7.67,2.97,3.24,1.97,9.59,9.45
2020-12-31,Odisha,2.16,3.78,0.57,1.09,4.2,10.11
2020-12-31,Punjab,2.31,7.12,2.77,2.39,11.41,5.0
2020-12-31,Rajasthan,6.41,8.2,2.53,4.85,9.51,2.77
2020-12-31,Sikkim,4.65,3.47,4.77,2.73,13.84,13.11
2020-12-31,Tamil Nadu,7.74,5.63,2.95,2.98,3.67,8.38
2020-12-31,Telangana,7.41,4.72,1.66,3.25,3.33,12.85
2020-12-31,Tripura,8.34,8.81,1.9,4.23,10.62,9.16
2020-12-31,Uttar Pradesh,5.35,8.79,0.78,1.58,6.47,7.55
2020-12-31,Uttarakhand,9.66,3.41,2.64,4.35,14.7,11.09
2020-12-31,West Bengal,5.4,6.25,2.47,2.4,3.32,4.6
2021-01-31,Andhra Pradesh,2.55,5.02,2.95,3.41,12.76,5.0
2021-01-31,Arunachal Pradesh,2.08,9.19,1.11,0.72,2.38,7.34
2021-01-31,Assam,1.78,4.79,1.72,3.81,4.0,6.7
2021-01-31,Bihar,9.42,6.57,2.17,2.8,11.68,12.81
2021-01-31,Chhattisgarh,1.11,5.8,1.77,1.57,10.01,2.48
2021-01-31,Goa,9.48,6.55,4.9,3.24,7.6,4.06
2021-01-31,Gujarat,9.37,2.09,3.02,2.16,13.03,7.93
2021-01-31,Haryana,3.9,8.37,1.09,0.9,2.26,12.31
2021-01-31,Himachal Pradesh,3.93,6.3,3.81,1.5,4.68,2.84
2021-01-31,Jharkhand,1.85,9.74,4.89,0.74,7.37,12.81
2021-01-31,Karnataka,1.1,4.29,0.8,2.74,4.73,12.35
2021-01-31,Kerala,9.64,5.0,4.74,4.02,12.63,7.78
2021-01-31,Madhya Pradesh,3.16,2.03,3.59,1.51,13.48,2.32
2021-01-31,Maharashtra,3.82,8.53,4.25,4.63,10.16,12.2
2021-01-31,Manipur,1.02,7.37,2.69,1.59,7.87,7.85
2021-01-31,Meghalaya,2.36,9.89,2.37,3.98,3.98,11.67
2021-01-31,Mizoram,6.74,5.84,4.91,3.59,6.82,14.45
2021-01-31,Nagaland,6.22,8.84,0.52,3.56,12.18,4.11
2021-01-31,Odisha,6.32,8.58,2.38,1.82,8.21,10.93
2021-01-31,Punjab,5.77,4.14,1.57,3.67,9.16,8.18
2021-01-31,Rajasthan,7.68,1.48,3.68,2.4,7.04,7.37
2021-01-31,Sikkim,4.25,1.38,2.95,1.51,8.27,4.53
2021-01-31,Tamil Nadu,3.83,3.18,2.64,1.46,12.47,14.41
2021-01-31,Telangana,5.89,7.87,4.22,2.04,6.89,2.79
2021-01-31,Tripura,8.66,4.58,2.17,3.62,12.77,12.29
2021-01-31,Uttar Pradesh,1.25,7.38,0.75,2.85,13.85,11.82
2021-01-31,Uttarakhand,3.87,4.4,2.28,2.36,8.29,6.73
2021-01-31,West Bengal,9.94,5.9,2.41,4.55,3.75,2.94
2021-02-28,Andhra Pradesh,7.96,9.37,1.35,1.42,6.08,14.3
2021-02-28,Arunachal Pradesh,8.16,9.14,2.42,3.52,2.44,4.96
2021-02-28,Assam,8.31,1.47,3.57,2.57,8.86,13.96
2021-02-28,Bihar,7.28,3.12,3.04,3.29,7.84,13.58
2021-02-28,Chhattisgarh,2.54,6.27,4.8,0.63,9.2,2.77
2021-02-28,Goa,1.34,5.03,4.74,1.26,7.3,8.59
2021-02-28,Gujarat,3.51,6.16,3.3,4.01,13.19,12.39
2021-02-28,Haryana,9.14,2.15,2.0,4.88,3.86,12.79
2021-02-28,Himachal Pradesh,1.72,3.91,3.21,1.29,3.32,4.71
2021-02-28,Jharkhand,5.26,5.89,3.45,3.02,12.01,13.35
2021-02-28,Karnataka,7.15,3.32,1.22,4.66,3.38,5.88
2021-02-28,Kerala,6.95,2.26,3.23,3.48,8.41,12.17
2021-02-28,Madhya Pradesh,4.67,8.71,3.92,2.52,4.41,8.42
2021-02-28,Maharashtra,9.54,2.63,3.01,0.64,11.32,14.83
2021-02-28,Manipur,6.15,3.6,0.65,1.0,11.27,13.48
2021-02-28,Meghalaya,5.47,4.77,4.57,4.36,5.61,8.57
2021-02-28,Mizoram,9.67,7.39,3.31,1.35,10.16,12.35
2021-02-28,Nagaland,4.9,1.03,3.71,2.27,11.7,8.74
2021-02-28,Odisha,5.66,1.65,1.39,0.66,13.88,10.17
2021-02-28,Punjab,6.06,2.55,4.66,2.0,6.26,13.0
2021-02-28,Rajasthan,9.44,7.28,4.16,2.06,4.14,12.47
2021-02-28,Sikkim,5.88,1.78,0.75,2.3,14.51,4.47
2021-02-28,Tamil Nadu,5.24,6.52,2.55,1.42,5.55,9.12
2021-02-28,Telangana,6.52,5.79,3.39,2.09,7.31,11.65
2021-02-28,Tripura,3.44,7.63,4.67,3.87,13.53,4.76
2021-02-28,Uttar Pradesh,5.09,6.42,2.86,4.92,5.55,4.98
2021-02-28,Uttarakhand,7.64,1.12,3.92,1.86,7.9,6.05
2021-02-28,West Bengal,7.01,3.62,3.82,3.32,7.35,3.56
2021-03-31,Andhra Pradesh,4.43,1.91,3.83,0.86,4.4,8.91
2021-03-31,Arunachal Pradesh,6.63,6.33,0.62,2.37,5.21,8.55
2021-03-31,Assam,3.11,5.71,1.63,3.9,10.79,9.7
2021-03-31,Bihar,3.71,1.91,0.79,4.28,14.77,8.8
2021-03-31,Chhattisgarh,4.62,3.13,0.94,1.43,13.5,10.21
2021-03-31,Goa,3.33,1.71,1.62,4.41,11.12,10.44
2021-03-31,Gujarat,1.39,2.91,0.98,1.25,3.65,8.65
2021-03-31,Haryana,9.29,3.83,3.5,1.65,13.75,6.04
2021-03-31,Himachal Pradesh,7.21,4.09,1.56,0.63,2.36,9.49
2021-03-31,Jharkhand,2.64,3.55,2.55,2.24,2.13,12.84
2021-03-31,Karnataka,4.73,7.41,3.27,2.12,2.65,8.32
2021-03-31,Kerala,2.49,8.22,4.04,1.05,5.53,7.14
2021-03-31,Madhya Pradesh,5.74,9.15,1.91,4.38,14.02,12.18
2021-03-31,Maharashtra,7.37,9.35,0.64,0.57,12.16,7.18
2021-03-31,Manipur,4.21,5.22,1.44,1.88,2.48,4.52
2021-03-31,Meghalaya,2.79,4.77,4.63,3.06,9.76,5.06
2021-03-31,Mizoram,8.78,7.28,2.45,1.53,3.5,8.5
2021-03-31,Nagaland,8.53,6.73,1.35,3.63,12.39,14.73
2021-03-31,Odisha,1.5,5.77,3.99,0.68,7.3,7.27
2021-03-31,Punjab,6.69,9.49,4.69,3.5,11.45,6.49
2021-03-31,Rajasthan,1.35,2.33,3.9,4.15,3.48,8.22
2021-03-31,Sikkim,8.2,7.83,4.34,4.77,11.54,14.64
2021-03-31,Tamil Nadu,3.31,4.79,0.57,3.16,2.57,11.03
2021-03-31,Telangana,5.24,4.62,3.33,1.87,12.18,4.37
2021-03-31,Tripura,4.32,8.95,3.04,4.72,8.47,4.46
2021-03-31,Uttar Pradesh,3.46,6.13,4.35,3.78,9.36,12.03
2021-03-31,Uttarakhand,4.31,8.3,2.52,2.16,2.39,6.8
2021-03-31,West Bengal,3.08,2.54,1.19,4.94,11.73,2.11
2021-04-30,Andhra Pradesh,6.88,6.9,1.98,0.59,3.24,2.42
2021-04-30,Arunachal Pradesh,5.79,9.58,3.64,3.57,2.9,11.92
2021-04-30,Assam,8.96,8.61,0.61,3.86,10.57,6.66
2021-04-30,Bihar,6.76,1.22,2.17,3.79,5.92,5.34
2021-04-30,Chhattisgarh,1.57,4.51,3.98,3.51,4.22,6.56
2021-04-30,Goa,2.35,8.73,2.0,1.33,8.24,10.94
2021-04-30,Gujarat,5.14,1.41,3.9,2.7,6.5,2.27
2021-04-30,Haryana,1.61,3.78,1.37,2.8,2.18,5.68
2021-04-30,Himachal Pradesh,3.44,8.06,1.97,3.76,5.84,4.8
2021-04-30,Jharkhand,9.07,1.35,4.48,4.96,6.83,4.62
2021-04-30,Karnataka,9.78,9.4,3.79,3.11,8.73,3.81
2021-04-30,Kerala,1.1,8.0,1.22,4.69,2.9,10.57
2021-04-30,Madhya Pradesh,4.57,4.82,0.89,2.83,6.12,4.79
2021-04-30,Maharashtra,5.07,9.64,1.09,3.39,8.5,13.04
2021-04-30,Manipur,3.9,8.67,1.44,4.61,2.01,4.65
2021-04-30,Meghalaya,7.63,3.07,1.41,3.17,12.47,7.05
2021-04-30,Mizoram,4.3,3.63,0.94,4.02,2.79,8.38
2021-04-30,Nagaland,4.27,2.62,2.51,3.07,6.17,5.1
2021-04-30,Odisha,1.54,6.53,3.95,3.58,4.16,10.45
2021-04-30,Punjab,4.87,4.42,4.56,3.99,11.55,11.32
2021-04-30,Rajasthan,4.22,1.19,2.43,0.99,8.32,4.27
2021-04-30,Sikkim,8.13,6.26,1.75,0.89,13.93,14.1
2021-04-30,Tamil Nadu,2.1,3.94,4.69,1.42,9.13,6.16
2021-04-30,Telangana,6.4,8.94,4.22,0.62,6.19,4.77
2021-04-30,Tripura,4.9,4.52,2.2,4.11,8.15,11.19
2021-04-30,Uttar Pradesh,9.4,7.43,2.2,2.21,4.39,5.05
2021-04-30,Uttarakhand,8.93,3.33,1.29,0.89,11.52,8.72
2021-04-30,West Bengal,7.68,5.22,0.85,2.25,3.42,12.64
2021-05-31,Andhra Pradesh,5.24,2.61,4.16,1.67,5.03,4.61
2021-05-31,Arunachal Pradesh,3.38,4.25,3.96,3.35,9.57,11.41
2021-05-31,Assam,2.45,8.83,0.79,0.86,5.79,10.15
2021-05-31,Bihar,5.1,8.09,1.93,3.62,13.52,8.97
2021-05-31,Chhattisgarh,4.85,1.29,2.62,2.14,9.2,3.46
2021-05-31,Goa,1.93,6.51,4.98,3.8,11.48,13.58
2021-05-31,Gujarat,7.37,6.45,1.35,2.83,2.98,7.96
2021-05-31,Haryana,6.2,1.16,2.6,4.95,12.23,3.05
2021-05-31,Himachal Pradesh,2.15,3.45,4.29,1.06,10.07,13.4
2021-05-31,Jharkhand,4.04,8.26,1.35,3.58,4.97,4.8
2021-05-31,Karnataka,6.23,6.15,1.52,3.16,9.45,7.84
2021-05-31,Kerala,4.3,8.6,3.46,1.86,4.44,6.8
2021-05-31,Madhya Pradesh,2.21,5.24,1.9,3.62,2.89,9.0
2021-05-31,Maharashtra,1.19,6.36,0.88,4.91,11.91,10.32
2021-05-31,Manipur,7.84,2.22,1.69,4.47,6.79,3.18
2021-05-31,Meghalaya,4.59,9.09,4.58,3.02,6.75,12.27
2021-05-31,Mizoram,4.79,1.94,4.66,2.75,6.59,14.38
2021-05-31,Nagaland,8.59,3.07,2.04,1.35,7.06,5.41
2021-05-31,Odisha,3.72,1.17,0.82,2.99,6.04,6.42
2021-05-31,Punjab,7.37,8.94,2.72,3.88,8.29,10.25
2021-05-31,Rajasthan,5.21,6.25,2.74,2.7,9.13,4.54
2021-05-31,Sikkim,6.81,8.93,0.63,3.44,12.43,8.62
2021-05-31,Tamil Nadu,1.85,6.39,4.63,2.93,6.1,2.04
2021-05-31,Telangana,8.8,2.66,4.49,4.76,6.43,10.64
2021-05-31,Tripura,5.26,1.9,2.36,2.07,12.49,12.43
2021-05-31,Uttar Pradesh,3.34,4.32,2.14,1.29,5.61,9.54
2021-05-31,Uttarakhand,6.1,2.48,5.0,1.19,2.61,3.65
2021-05-31,West Bengal,7.2,5.17,3.74,2.08,8.15,14.0
2021-06-30,Andhra Pradesh,6.31,9.37,4.7,1.63,4.13,12.98
2021-06-30,Arunachal Pradesh,6.45,5.3,1.14,3.09,9.1,3.08
2021-06-30,Assam,3.63,6.74,4.11,4.66,3.08,4.4
2021-06-30,Bihar,6.99,1.35,4.13,4.67,7.2,7.16
2021-06-30,Chhattisgarh,5.79,3.72,4.26,3.81,5.15,7.16
2021-06-30,Goa,3.24,1.15,4.94,2.65,12.73,12.29
2021-06-30,Gujarat,6.2,4.91,1.87,1.67,4.86,9.45
2021-06-30,Haryana,2.78,7.18,3.73,2.18,12.09,4.63
2021-06-30,Himachal Pradesh,8.05,2.29,2.86,2.28,8.55,9.1
2021-06-30,Jharkhand,5.39,4.74,3.86,1.21,8.55,11.02
2021-06-30,Karnataka,6.89,2.45,0.88,2.89,12.19,8.03
2021-06-30,Kerala,1.04,1.4,2.45,4.41,6.82,9.91
2021-06-30,Madhya Pradesh,6.6,8.51,4.91,3.38,4.52,12.43
2021-06-30,Maharashtra,6.45,3.69,3.54,3.82,8.48,5.34
2021-06-30,Manipur,3.34,8.74,2.12,3.43,12.7,11.13
2021-06-30,Meghalaya,5.54,4.01,4.3,3.56,4.06,4.39
2021-06-30,Mizoram,3.75,1.56,2.51,1.87,14.27,6.5
2021-06-30,Nagaland,4.28,1.18,3.7,2.16,7.57,9.86
2021-06-30,Odisha,4.16,8.33,2.59,2.14,3.52,14.45
2021-06-30,Punjab,1.94,9.87,1.83,0.59,13.19,5.7
2021-06-30,Rajasthan,4.9,3.45,0.9,3.34,13.17,2.56
2021-06-30,Sikkim,1.34,8.11,0.57,4.99,5.76,3.96
2021-06-30,Tamil Nadu,4.35,8.04,2.44,3.68,10.1,10.86
2021-06-30,Telangana,8.93,6.6,2.81,1.34,4.03,3.56
2021-06-30,Tripura,5.81,3.25,1.34,4.78,3.22,14.37
2021-06-30,Uttar Pradesh,7.24,8.17,0.9,1.46,10.84,11.23
2021-06-30,Uttarakhand,1.67,4.79,2.25,1.44,10.37,13.85
2021-06-30,West Bengal,5.65,4.36,2.81,1.84,3.31,2.8
2021-07-31,Andhra Pradesh,9.84,5.49,3.98,0.66,7.46,3.88
2021-07-31,Arunachal Pradesh,5.63,2.63,5.0,3.56,5.44,6.03
2021-07-31,Assam,8.55,2.21,3.43,3.32,3.86,13.55
2021-07-31,Bihar,9.49,7.63,1.57,0.79,10.04,3.03
2021-07-31,Chhattisgarh,9.41,3.59,0.75,3.35,3.82,12.86
2021-07-31,Goa,2.1,2.7,4.42,3.03,6.14,11.24
2021-07-31,Gujarat,7.04,9.23,4.71,2.64,6.83,10.66
2021-07-31,Haryana,7.2,5.9,3.22,4.63,5.9,9.29
2021-07-31,Himachal Pradesh,5.31,5.12,1.6,4.4,5.43,4.28
2021-07-31,Jharkhand,6.97,6.44,4.68,0.88,3.09,8.66
2021-07-31,Karnataka,5.66,5.96,4.5,2.53,7.92,13.17
2021-07-31,Kerala,7.87,2.55,3.55,2.45,6.19,9.63
2021-07-31,Madhya Pradesh,1.12,4.79,2.33,1.06,5.96,10.37
2021-07-31,Maharashtra,4.32,3.95,1.18,1.85,5.75,3.82
2021-07-31,Manipur,4.55,2.64,4.97,4.21,4.56,7.91
2021-07-31,Meghalaya,2.06,9.93,3.91,4.59,13.99,2.58
2021-07-31,Mizoram,4.02,6.35,0.63,1.86,9.19,4.82
2021-07-31,Nagaland,8.3,6.16,3.16,2.62,9.78,13.24
2021-07-31,Odisha,9.93,5.73,4.22,1.66,9.78,5.16
2021-07-31,Punjab,1.21,1.04,2.88,0.62,14.31,2.75
2021-07-31,Rajasthan,4.11,9.4,4.88,1.76,10.82,3.15
2021-07-31,Sikkim,9.24,3.09,4.89,2.13,8.74,2.27
2021-07-31,Tamil Nadu,9.87,2.58,0.91,2.07,3.89,6.17
2021-07-31,Telangana,9.03,1.66,3.36,3.32,5.41,11.52
2021-07-31,Tripura,6.8,1.33,2.92,0.62,7.4,12.87
2021-07-31,Uttar Pradesh,9.02,9.43,1.41,3.22,3.29,13.7
2021-07-31,Uttarakhand,3.39,4.99,4.11,2.51,12.92,13.8
2021-07-31,West Bengal,8.13,8.65,4.71,4.73,2.13,12.32
2021-08-31,Andhra Pradesh,1.45,5.38,0.97,4.35,11.25,7.39
2021-08-31,Arunachal Pradesh,9.61,5.49,2.55,2.49,9.59,6.45
2021-08-31,Assam,5.48,2.06,1.58,1.69,5.55,13.97
2021-08-31,Bihar,4.57,5.27,3.23,3.2,8.11,3.29
2021-08-31,Chhattisgarh,6.33,5.56,2.25,1.64,8.77,3.09
2021-08-31,Goa,3.05,9.85,4.67,0.59,13.26,7.89
2021-08-31,Gujarat,1.84,1.43,3.22,2.69,7.41,12.73
2021-08-31,Haryana,7.53,1.02,3.97,4.65,8.5,4.1
2021-08-31,Himachal Pradesh,9.42,6.38,2.25,3.83,4.49,9.68
2021-08-31,Jharkhand,8.61,8.09,1.07,2.3,13.94,4.76
2021-08-31,Karnataka,6.78,9.72,4.98,4.33,5.54,2.17
2021-08-31,Kerala,5.2,1.51,1.1,0.77,3.83,12.72
2021-08-31,Madhya Pradesh,9.33,7.38,2.27,2.44,13.86,14.97
2021-08-31,Maharashtra,9.57,4.88,2.01,4.37,10.54,6.76
2021-08-31,Manipur,4.67,5.72,2.7,3.78,12.16,5.26
2021-08-31,Meghalaya,1.98,5.19,4.58,4.89,5.43,14.42
2021-08-31,Mizoram,4.16,9.68,2.7,1.61,6.15,10.28
2021-08-31,Nagaland,6.91,5.18,3.46,1.35,11.68,10.44
2021-08-31,Odisha,1.59,7.63,2.2,4.37,6.26,10.18
2021-08-31,Punjab,7.57,4.47,3.26,0.65,14.54,5.02
2021-08-31,Rajasthan,6.91,6.05,1.89,3.15,2.66,10.26
2021-08-31,Sikkim,1.52,6.32,3.78,2.0,2.5,6.81
2021-08-31,Tamil Nadu,1.99,5.51,4.54,4.35,6.71,11.0
2021-08-31,Telangana,3.93,6.26,1.36,3.0,3.48,12.92
2021-08-31,Tripura,1.22,8.49,1.48,0.81,8.93,8.07
2021-08-31,Uttar Pradesh,2.97,2.16,3.34,2.55,4.5,5.81
2021-08-31,Uttarakhand,6.66,3.25,1.06,4.34,10.14,12.49
2021-08-31,West Bengal,9.68,1.09,0.95,4.16,2.57,6.99
2021-09-30,Andhra Pradesh,6.09,9.73,1.99,4.81,3.85,10.36
2021-09-30,Arunachal Pradesh,2.37,8.64,1.88,2.92,12.51,2.57
2021-09-30,Assam,4.51,2.1,2.28,2.57,8.34,14.61
2021-09-30,Bihar,1.24,2.15,2.85,3.05,6.59,2.88
2021-09-30,Chhattisgarh,9.86,7.35,2.44,2.43,3.91,9.22
2021-09-30,Goa,6.54,1.44,3.97,4.17,7.73,8.08
2021-09-30,Gujarat,5.1,4.16,0.53,3.0,9.23,9.54
2021-09-30,Haryana,2.28,5.67,2.95,0.84,7.19,8.8
2021-09-30,Himachal Pradesh,4.45,2.02,3.69,4.49,12.19,4.71
2021-09-30,Jharkhand,2.78,5.03,0.66,1.09,4.93,8.34
2021-09-30,Karnataka,1.78,2.46,2.06,3.75,14.33,8.91
2021-09-30,Kerala,7.79,8.44,3.47,1.94,7.71,10.05
2021-09-30,Madhya Pradesh,7.43,6.24,4.66,2.02,10.49,3.42
2021-09-30,Maharashtra,2.26,8.22,0.84,3.77,7.41,3.88
2021-09-30,Manipur,8.02,3.39,0.59,1.34,3.44,12.2
2021-09-30,Meghalaya,6.91,9.65,2.48,1.36,6.74,14.91
2021-09-30,Mizoram,2.44,3.29,1.64,4.21,14.99,6.47
2021-09-30,Nagaland,7.31,7.07,3.35,1.53,5.87,9.73
2021-09-30,Odisha,3.19,6.95,0.87,3.26,6.67,10.33
2021-09-30,Punjab,9.6,7.12,4.5,0.84,4.23,9.47
2021-09-30,Rajasthan,2.58,9.07,1.69,2.66,11.37,9.8
2021-09-30,Sikkim,1.46,3.71,2.16,1.85,10.07,9.54
2021-09-30,Tamil Nadu,9.05,2.45,2.87,0.77,4.9,12.97
2021-09-30,Telangana,6.92,4.27,2.8,3.72,4.85,10.0
2021-09-30,Tripura,2.8,7.05,2.55,0.8,3.7,4.61
2021-09-30,Uttar Pradesh,5.7,9.43,1.16,4.36,9.2,14.33
2021-09-30,Uttarakhand,3.61,7.22,3.92,0.96,8.26,6.84
2021-09-30,West Bengal,3.58,4.55,0.61,3.49,4.46,13.14
2021-10-31,Andhra Pradesh,9.63,8.52,1.0,3.22,2.83,4.41
2021-10-31,Arunachal Pradesh,6.52,6.61,4.41,3.26,8.15,6.53
2021-10-31,Assam,3.13,4.55,2.09,4.9,6.27,4.63
2021-10-31,Bihar,8.07,9.76,1.82,3.44,10.25,13.31
2021-10-31,Chhattisgarh,9.93,2.29,2.28,0.53,14.52,11.08
2021-10-31,Goa,8.18,8.49,3.76,4.58,8.31,5.04
2021-10-31,Gujarat,3.69,9.3,4.67,4.17,7.21,6.59
2021-10-31,Haryana,8.88,7.55,3.46,3.45,4.25,11.77
2021-10-31,Himachal Pradesh,4.59,4.18,3.64,3.78,7.8,8.15
2021-10-31,Jharkhand,7.61,6.73,3.54,2.21,12.9,14.72
2021-10-31,Karnataka,3.12,6.06,1.66,2.6,10.81,13.49
2021-10-31,Kerala,7.26,7.94,3.41,3.4,9.8,6.56
2021-10-31,Madhya Pradesh,7.93,9.72,3.5,2.76,10.1,13.63
2021-10-31,Maharashtra,4.54,1.73,2.22,4.35,2.92,2.72
2021-10-31,Manipur,4.26,5.98,0.89,3.1,10.81,7.0
2021-10-31,Meghalaya,7.96,9.08,3.45,0.99,4.88,7.17
2021-10-31,Mizoram,3.93,8.5,4.52,3.33,5.33,9.92
2021-10-31,Nagaland,7.45,6.42,1.56,2.06,12.09,2.96
2021-10-31,Odisha,6.11,2.59,1.82,0.77,6.97,13.11
2021-10-31,Punjab,6.45,2.95,2.6,4.54,4.08,3.58
2021-10-31,Rajasthan,6.16,1.86,1.43,2.55,3.52,8.78
2021-10-31,Sikkim,7.48,9.7,1.81,2.19,8.77,12.35
2021-10-31,Tamil Nadu,9.55,7.92,0.84,1.28,11.23,9.54
2021-10-31,Telangana,6.24,4.78,1.5,4.31,14.9,11.29
2021-10-31,Tripura,7.31,4.32,1.57,2.53,12.52,4.43
2021-10-31,Uttar Pradesh,6.33,4.45,1.55,1.46,8.32,12.44
2021-10-31,Uttarakhand,5.19,1.06,1.94,0.51,6.77,10.28
2021-10-31,West Bengal,3.72,4.96,3.88,0.89,10.49,2.53
2021-11-30,Andhra Pradesh,4.41,1.92,4.69,1.83,4.68,9.7
2021-11-30,Arunachal Pradesh,2.54,5.42,0.73,2.75,2.84,5.39
2021-11-30,Assam,6.6,8.72,2.38,3.51,12.92,8.88
2021-11-30,Bihar,1.12,2.59,2.65,3.28,13.94,12.81
2021-11-30,Chhattisgarh,8.85,9.62,2.14,2.54,2.66,14.07
2021-11-30,Goa,8.03,7.85,0.52,3.11,4.47,6.29
2021-11-30,Gujarat,1.04,9.14,3.25,2.97,8.52,9.04
2021-11-30,Haryana,9.1,9.15,1.91,3.51,3.54,4.4
2021-11-30,Himachal Pradesh,2.18,4.0,3.75,4.26,10.3,3.54
2021-11-30,Jharkhand,1.95,1.7,4.3,4.66,5.88,7.24
2021-11-30,Karnataka,7.48,3.39,0.7,2.47,3.18,13.48
2021-11-30,Kerala,1.36,2.45,0.81,4.15,2.82,11.84
2021-11-30,Madhya Pradesh,4.31,9.55,3.03,4.17,8.36,11.38
2021-11-30,Maharashtra,4.08,4.58,4.6,1.02,5.33,2.7
2021-11-30,Manipur,4.75,7.36,2.61,1.43,10.23,12.0
2021-11-30,Meghalaya,1.4,3.29,0.89,0.6,9.24,6.28
2021-11-30,Mizoram,6.16,1.48,3.21,4.34,14.01,3.24
2021-11-30,Nagaland,3.66,5.04,3.65,3.87,5.96,7.27
2021-11-30,Odisha,5.03,6.62,1.55,4.35,9.04,14.25
2021-11-30,Punjab,6.93,7.49,3.5,0.68,2.98,12.82
2021-11-30,Rajasthan,5.56,8.53,3.05,3.23,8.04,3.49
2021-11-30,Sikkim,7.22,4.93,2.27,3.08,4.85,14.57
2021-11-30,Tamil Nadu,3.82,6.36,0.74,2.58,6.4,10.61
2021-11-30,Telangana,2.46,9.69,1.16,1.36,6.18,10.7
2021-11-30,Tripura,9.22,4.58,4.12,1.31,2.27,11.2
2021-11-30,Uttar Pradesh,7.34,9.43,0.64,1.84,2.93,7.61
2021-11-30,Uttarakhand,6.83,2.92,1.85,2.11,5.09,2.23
2021-11-30,West Bengal,9.3,4.52,3.29,2.0,6.29,12.24
2021-12-31,Andhra Pradesh,1.86,5.2,4.86,3.37,7.85,5.58
2021-12-31,Arunachal Pradesh,4.06,4.76,3.02,2.85,5.03,10.29
2021-12-31,Assam,9.16,7.55,4.18,1.93,2.61,12.35
2021-12-31,Bihar,5.98,2.86,1.75,1.08,8.26,9.18
2021-12-31,Chhattisgarh,9.73,7.88,4.96,2.84,13.92,7.4
2021-12-31,Goa,8.47,8.56,0.94,3.52,5.63,6.71
2021-12-31,Gujarat,6.29,6.48,3.56,2.25,11.34,5.13
2021-12-31,Haryana,9.28,3.54,2.21,2.54,12.01,12.4
2021-12-31,Himachal Pradesh,5.68,8.78,2.07,3.42,10.9,2.58
2021-12-31,Jharkhand,1.12,3.19,1.64,2.88,3.64,4.58
2021-12-31,Karnataka,1.93,5.49,1.72,1.87,10.54,6.29
2021-12-31,Kerala,1.34,4.66,0.64,1.87,6.36,5.0
2021-12-31,Madhya Pradesh,5.58,6.56,3.08,2.88,7.86,4.42
2021-12-31,Maharashtra,5.8,1.34,4.02,4.73,4.54,9.51
2021-12-31,Manipur,2.88,1.74,4.34,1.75,7.44,6.02
2021-12-31,Meghalaya,1.85,5.9,4.2,2.12,6.91,5.94
2021-12-31,Mizoram,7.01,4.34,1.02,4.04,10.85,8.07
2021-12-31,Nagaland,9.27,9.67,2.63,4.28,12.87,11.33
2021-12-31,Odisha,1.06,3.78,3.76,0.87,8.38,13.97
2021-12-31,Punjab,6.62,3.23,2.53,4.19,7.6,13.34
2021-12-31,Rajasthan,4.2,3.82,1.57,4.04,9.56,2.54
2021-12-31,Sikkim,2.02,5.18,2.0,3.33,4.63,12.07
2021-12-31,Tamil Nadu,7.34,4.62,3.43,3.14,6.84,11.39
2021-12-31,Telangana,7.43,5.43,2.46,0.84,11.9,12.01
2021-12-31,Tripura,3.28,9.9,2.46,0.67,14.46,8.75
2021-12-31,Uttar Pradesh,7.61,1.42,2.01,4.56,9.47,11.34
2021-12-31,Uttarakhand,1.34,6.89,3.74,3.51,8.75,7.18
2021-12-31,West Bengal,8.31,7.86,0.7,1.38,11.92,12.59
2022-01-31,Andhra Pradesh,4.01,3.88,2.11,4.35,11.26,6.26
2022-01-31,Arunachal Pradesh,5.07,3.82,3.59,4.67,11.48,11.23
2022-01-31,Assam,5.28,1.81,2.69,1.92,7.81,9.16
2022-01-31,Bihar,5.24,7.76,1.83,3.79,12.66,5.9
2022-01-31,Chhattisgarh,7.54,9.28,4.71,4.81,7.55,7.38
2022-01-31,Goa,2.23,1.33,4.13,3.75,2.08,5.05
2022-01-31,Gujarat,6.94,7.87,5.0,3.03,14.51,3.04
2022-01-31,Haryana,4.52,8.16,4.19,1.22,8.14,12.92
2022-01-31,Himachal Pradesh,5.8,4.91,1.62,4.07,14.2,8.49
2022-01-31,Jharkhand,1.15,5.75,3.68,4.19,9.3,14.84
2022-01-31,Karnataka,5.66,4.75,4.56,4.27,13.85,8.67
2022-01-31,Kerala,4.44,1.63,2.51,4.8,8.48,6.06
2022-01-31,Madhya Pradesh,7.17,2.9,4.81,0.71,8.51,6.15
2022-01-31,Maharashtra,1.1,2.64,2.87,3.16,6.23,8.86
2022-01-31,Manipur,9.41,9.31,3.32,4.16,4.13,3.11
2022-01-31,Meghalaya,4.12,7.23,1.06,2.44,7.77,2.55
2022-01-31,Mizoram,9.97,3.01,0.85,2.13,9.31,14.54
2022-01-31,Nagaland,4.0,3.51,2.68,3.21,4.63,6.95
2022-01-31,Odisha,4.15,1.87,3.62,4.86,10.02,2.92
2022-01-31,Punjab,7.73,1.03,2.39,2.95,10.78,7.12
2022-01-31,Rajasthan,7.47,2.88,4.62,3.61,6.66,11.15
2022-01-31,Sikkim,8.29,7.15,4.55,3.93,4.9,11.22
2022-01-31,Tamil Nadu,5.24,1.69,2.57,4.01,6.67,10.77
2022-01-31,Telangana,2.09,8.17,2.49,4.27,14.31,14.43
2022-01-31,Tripura,1.11,7.4,4.38,2.93,10.72,13.45
2022-01-31,Uttar Pradesh,8.76,4.3,4.2,4.36,5.44,9.33
2022-01-31,Uttarakhand,9.71,2.15,2.74,1.87,7.06,14.6
2022-01-31,West Bengal,2.9,9.62,0.9,2.36,9.9,4.05
2022-02-28,Andhra Pradesh,5.54,6.07,3.34,4.06,9.92,5.5
2022-02-28,Arunachal Pradesh,2.52,1.04,3.32,0.7,3.67,2.27
2022-02-28,Assam,1.1,8.28,3.9,1.46,3.5,5.64
2022-02-28,Bihar,8.37,2.71,2.89,2.17,2.1,6.6
2022-02-28,Chhattisgarh,4.36,3.21,2.52,3.22,12.37,13.0
2022-02-28,Goa,8.01,3.41,4.41,4.85,3.22,8.88
2022-02-28,Gujarat,7.0,4.53,3.8,3.69,13.62,4.62
2022-02-28,Haryana,9.02,4.29,2.17,0.64,5.17,7.87
2022-02-28,Himachal Pradesh,5.49,7.88,4.17,4.39,7.83,14.43
2022-02-28,Jharkhand,5.1,6.67,3.59,4.3,13.81,8.5
2022-02-28,Karnataka,5.22,2.39,3.65,2.34,6.94,13.08
2022-02-28,Kerala,5.95,1.32,1.19,4.23,12.3,12.39
2022-02-28,Madhya Pradesh,5.16,5.14,1.47,1.6,6.3,8.2
2022-02-28,Maharashtra,8.9,7.57,2.05,4.24,8.19,10.97
2022-02-28,Manipur,1.25,6.6,3.09,1.06,13.85,5.52
2022-02-28,Meghalaya,1.78,5.38,0.66,1.66,2.73,14.82
2022-02-28,Mizoram,7.73,2.06,2.4,3.84,3.91,13.85
2022-02-28,Nagaland,5.6,8.55,2.12,0.94,6.78,9.87
2022-02-28,Odisha,7.68,4.4,3.16,4.77,12.42,9.2
2022-02-28,Punjab,3.97,8.51,1.7,2.23,2.65,14.98
2022-02-28,Rajasthan,4.42,1.04,0.7,2.81,3.86,7.73
2022-02-28,Sikkim,7.66,4.43,1.08,0.99,14.04,6.69
2022-02-28,Tamil Nadu,2.9,5.58,2.91,3.39,11.2,7.57
2022-02-28,Telangana,4.31,8.96,1.54,3.55,8.19,14.72
2022-02-28,Tripura,8.94,5.86,2.3,4.56,4.37,7.55
2022-02-28,Uttar Pradesh,7.25,4.52,4.89,2.01,5.39,10.55
2022-02-28,Uttarakhand,8.41,5.47,2.54,0.75,12.2,12.69
2022-02-28,West Bengal,7.72,9.71,4.47,2.45,8.53,8.4
2022-03-31,Andhra Pradesh,3.43,5.41,1.51,4.75,8.29,4.28
2022-03-31,Arunachal Pradesh,3.6,8.75,3.83,1.21,8.04,5.64
2022-03-31,Assam,3.36,2.35,0.74,1.43,10.45,7.13
2022-03-31,Bihar,4.59,6.0,0.62,0.56,7.92,13.07
2022-03-31,Chhattisgarh,5.05,9.5,2.86,1.84,4.42,6.28
2022-03-31,Goa,3.46,3.23,2.1,1.13,4.34,12.95
2022-03-31,Gujarat,2.56,6.12,4.02,3.78,7.63,2.51
2022-03-31,Haryana,3.47,3.26,4.19,1.11,3.98,6.73
2022-03-31,Himachal Pradesh,7.93,5.03,1.46,3.85,12.94,5.24
2022-03-31,Jharkhand,1.29,3.69,3.86,2.08,8.96,3.13
2022-03-31,Karnataka,5.62,3.75,2.84,2.62,9.8,5.55
2022-03-31,Kerala,5.2,9.69,3.11,3.04,5.47,6.51
2022-03-31,Madhya Pradesh,7.37,9.19,1.78,4.26,13.3,5.92
2022-03-31,Maharashtra,5.82,1.3,2.13,2.09,12.67,13.29
2022-03-31,Manipur,4.16,2.98,1.59,2.52,11.4,8.72
2022-03-31,Meghalaya,4.97,2.8,0.58,4.21,2.07,9.15
2022-03-31,Mizoram,1.85,4.04,2.78,2.77,12.65,12.95
2022-03-31,Nagaland,9.07,9.18,1.58,4.69,6.76,12.62
2022-03-31,Odisha,8.5,3.96,0.88,3.33,13.63,13.49
2022-03-31,Punjab,9.47,1.34,1.1,4.28,2.21,7.62
2022-03-31,Rajasthan,9.06,2.6,2.69,3.07,5.73,13.03
2022-03-31,Sikkim,1.52,3.96,0.59,0.81,8.95,2.84
2022-03-31,Tamil Nadu,1.91,5.15,3.25,2.47,3.42,6.61
2022-03-31,Telangana,1.93,2.46,3.94,2.9,10.37,5.33
2022-03-31,Tripura,8.18,2.28,4.99,3.71,3.25,8.37
2022-03-31,Uttar Pradesh,6.29,8.77,4.19,3.55,11.72,2.59
2022-03-31,Uttarakhand,4.91,2.4,1.97,1.08,8.84,10.62
2022-03-31,West Bengal,6.48,1.28,2.49,1.6,2.57,8.24
2022-04-30,Andhra Pradesh,8.03,9.21,3.5,4.63,12.42,9.46
2022-04-30,Arunachal Pradesh,8.73,2.38,3.03,4.75,13.92,7.21
2022-04-30,Assam,3.25,2.75,2.11,3.28,13.57,11.22
2022-04-30,Bihar,7.28,6.22,3.72,3.15,7.25,14.82
2022-04-30,Chhattisgarh,2.21,2.79,3.9,2.27,9.15,14.31
2022-04-30,Goa,9.41,4.95,1.03,4.91,11.9,13.06
2022-04-30,Gujarat,7.95,8.66,3.03,3.42,11.97,7.23
2022-04-30,Haryana,3.05,1.33,2.76,2.28,11.29,4.93
2022-04-30,Himachal Pradesh,8.84,9.52,1.42,4.77,6.7,9.18
2022-04-30,Jharkhand,7.06,4.73,1.96,3.02,5.18,14.87
2022-04-30,Karnataka,3.86,5.21,0.92,3.02,3.43,4.37
2022-04-30,Kerala,1.54,7.49,1.09,0.62,5.8,9.43
2022-04-30,Madhya Pradesh,2.75,9.16,1.19,1.54,5.67,12.3
2022-04-30,Maharashtra,5.76,6.98,1.42,2.96,12.56,9.83
2022-04-30,Manipur,8.42,1.71,3.47,1.14,5.7,5.19
2022-04-30,Meghalaya,2.9,2.58,1.33,2.95,6.08,7.02
2022-04-30,Mizoram,1.7,1.41,3.67,0.73,7.87,2.44
2022-04-30,Nagaland,1.16,2.59,0.98,3.29,9.05,13.27
2022-04-30,Odisha,7.45,6.08,4.23,2.13,12.69,9.32
2022-04-30,Punjab,6.45,2.05,4.35,3.9,6.93,4.67
2022-04-30,Rajasthan,3.86,7.91,3.23,3.75,14.75,4.96
2022-04-30,Sikkim,6.79,3.23,1.6,4.34,2.15,3.72
2022-04-30,Tamil Nadu,1.23,3.58,1.21,4.7,10.49,12.83
2022-04-30,Telangana,3.22,3.81,4.74,3.97,5.65,6.71
2022-04-30,Tripura,1.33,1.23,0.8,0.75,13.07,2.1
2022-04-30,Uttar Pradesh,8.17,1.91,3.7,1.82,2.31,6.91
2022-04-30,Uttarakhand,6.54,8.06,1.36,1.85,13.07,10.28
2022-04-30,West Bengal,1.13,4.91,4.24,2.99,6.5,11.69
2022-05-31,Andhra Pradesh,7.02,9.02,1.67,1.28,12.86,2.64
2022-05-31,Arunachal Pradesh,2.39,6.45,1.18,4.34,5.78,7.3
2022-05-31,Assam,5.4,4.78,2.61,4.28,5.97,11.95
2022-05-31,Bihar,4.74,3.91,1.66,3.87,10.17,10.05
2022-05-31,Chhattisgarh,6.33,1.56,0.61,3.97,12.49,5.72
2022-05-31,Goa,2.76,1.27,3.65,4.25,6.62,2.45
2022-05-31,Gujarat,6.59,7.13,4.11,3.19,9.61,5.8
2022-05-31,Haryana,6.53,7.07,3.01,4.18,8.97,12.26
2022-05-31,Himachal Pradesh,6.73,7.47,1.83,2.08,6.55,10.23
2022-05-31,Jharkhand,5.09,2.29,4.28,4.9,9.99,5.4
2022-05-31,Karnataka,9.9,4.48,2.04,2.67,5.77,12.68
2022-05-31,Kerala,1.27,7.91,4.56,3.07,10.66,12.57
2022-05-31,Madhya Pradesh,9.95,9.91,2.67,1.57,5.83,4.04
2022-05-31,Maharashtra,3.02,5.26,1.74,2.19,8.72,2.98
2022-05-31,Manipur,9.94,6.89,1.85,3.38,2.57,3.86
2022-05-31,Meghalaya,1.06,8.62,1.54,1.85,11.53,5.92
2022-05-31,Mizoram,1.81,6.86,0.53,4.1,3.07,8.01
2022-05-31,Nagaland,6.64,3.02,1.94,2.07,7.12,3.88
2022-05-31,Odisha,6.5,4.71,4.17,4.59,13.11,11.56
2022-05-31,Punjab,5.97,2.86,4.26,2.23,9.01,5.51
2022-05-31,Rajasthan,3.22,5.88,3.68,3.82,12.32,4.79
2022-05-31,Sikkim,8.4,6.52,3.24,4.23,2.88,10.41
2022-05-31,Tamil Nadu,9.54,3.54,1.88,4.95,2.29,11.32
2022-05-31,Telangana,5.68,9.61,1.83,3.99,4.86,13.62
2022-05-31,Tripura,4.68,1.88,2.55,0.64,7.49,5.26
2022-05-31,Uttar Pradesh,1.17,7.42,4.28,4.01,6.33,11.98
2022-05-31,Uttarakhand,7.21,7.07,0.7,4.82,7.77,11.59
2022-05-31,West Bengal,2.65,8.11,0.61,4.07,6.61,6.05
2022-06-30,Andhra Pradesh,1.18,4.07,0.83,3.56,14.21,12.78
2022-06-30,Arunachal Pradesh,3.36,9.76,1.25,3.77,14.35,5.75
2022-06-30,Assam,9.96,3.42,1.89,2.83,3.42,11.52
2022-06-30,Bihar,6.54,4.69,4.29,3.99,13.18,14.01
2022-06-30,Chhattisgarh,5.87,4.08,1.23,0.52,6.36,6.15
2022-06-30,Goa,5.98,3.69,1.92,4.19,2.38,13.08
2022-06-30,Gujarat,4.03,5.54,2.28,3.65,14.59,3.93
2022-06-30,Haryana,5.63,5.11,3.82,2.28,9.87,7.39
2022-06-30,Himachal Pradesh,4.38,7.83,1.32,4.11,4.24,2.6
2022-06-30,Jharkhand,4.49,6.67,4.52,4.06,8.73,11.7
2022-06-30,Karnataka,2.57,3.16,1.0,4.21,12.25,6.21
2022-06-30,Kerala,9.43,2.35,4.32,4.22,14.33,13.17
2022-06-30,Madhya Pradesh,6.56,3.62,0.75,2.57,6.54,14.8
2022-06-30,Maharashtra,5.6,1.63,3.32,2.78,9.27,6.42
2022-06-30,Manipur,2.18,1.59,0.89,3.92,6.81,7.01
2022-06-30,Meghalaya,9.78,2.52,2.44,1.48,9.93,9.13
2022-06-30,Mizoram,1.0,4.49,2.99,3.52,13.22,11.0
2022-06-30,Nagaland,2.17,5.62,1.41,0.78,9.44,10.68
2022-06-30,Odisha,9.65,1.01,3.83,4.1,9.06,13.55
2022-06-30,Punjab,3.31,5.53,3.77,0.53,9.58,9.98
2022-06-30,Rajasthan,4.74,6.4,0.53,4.55,2.19,4.09
2022-06-30,Sikkim,8.45,8.91,4.26,3.3,8.04,3.46
2022-06-30,Tamil Nadu,9.0,3.31,3.5,4.95,5.98,6.64
2022-06-30,Telangana,1.05,7.36,2.88,2.94,7.93,12.31
2022-06-30,Tripura,6.67,9.15,1.07,1.43,5.09,3.19
2022-06-30,Uttar Pradesh,4.58,6.37,2.69,1.31,10.57,14.91
2022-06-30,Uttarakhand,5.23,3.05,5.0,1.56,3.82,11.63
2022-06-30,West Bengal,2.57,7.15,4.4,2.41,7.5,4.48
2022-07-31,Andhra Pradesh,7.25,6.26,4.36,4.96,7.41,4.47
2022-07-31,Arunachal Pradesh,8.6,1.26,3.63,0.96,3.04,14.71
2022-07-31,Assam,9.86,5.75,0.63,3.85,13.68,13.46
2022-07-31,Bihar,6.95,9.38,1.28,4.75,11.77,10.54
2022-07-31,Chhattisgarh,3.06,4.23,4.27,2.9,9.29,5.31
2022-07-31,Goa,3.37,4.49,3.18,3.76,7.05,7.07
2022-07-31,Gujarat,7.26,3.76,2.35,0.87,10.13,2.14
2022-07-31,Haryana,7.5,3.21,0.88,3.97,8.95,14.01
2022-07-31,Himachal Pradesh,8.37,9.83,3.68,0.64,3.99,10.89
2022-07-31,Jharkhand,2.77,4.7,4.98,3.58,6.86,2.3
2022-07-31,Karnataka,1.52,5.66,2.63,4.44,8.04,5.7
2022-07-31,Kerala,8.89,4.31,0.6,3.46,14.24,5.77
2022-07-31,Madhya Pradesh,2.51,1.38,1.58,4.63,12.77,7.16
2022-07-31,Maharashtra,1.26,7.87,4.43,3.8,13.85,4.99
2022-07-31,Manipur,8.1,2.16,0.72,2.26,5.29,7.75
2022-07-31,Meghalaya,2.35,6.22,4.72,0.82,14.06,13.79
2022-07-31,Mizoram,5.21,8.64,0.94,1.75,9.1,2.4
2022-07-31,Nagaland,9.53,7.5,3.94,4.68,3.81,3.48
2022-07-31,Odisha,6.03,4.99,2.53,3.59,10.67,7.07
2022-07-31,Punjab,8.62,3.95,3.44,4.43,6.1,3.33
2022-07-31,Rajasthan,2.23,9.99,3.93,4.81,10.25,10.72
2022-07-31,Sikkim,6.54,9.52,3.4,1.03,11.21,5.94
2022-07-31,Tamil Nadu,9.6,1.28,2.09,3.75,9.97,3.72
2022-07-31,Telangana,7.4,2.98,2.48,3.8,9.9,3.43
2022-07-31,Tripura,5.1,4.9,4.59,1.89,13.69,13.34
2022-07-31,Uttar Pradesh,7.04,9.16,4.3,1.08,6.1,4.4
2022-07-31,Uttarakhand,5.89,1.16,3.68,0.97,5.69,12.01
2022-07-31,West Bengal,9.37,1.36,2.95,3.62,12.57,6.3
2022-08-31,Andhra Pradesh,2.76,7.93,3.81,0.92,8.04,10.92
2022-08-31,Arunachal Pradesh,6.37,3.85,1.05,4.7,9.09,12.18
2022-08-31,Assam,6.18,6.05,3.87,3.82,6.71,6.36
2022-08-31,Bihar,9.34,9.7,1.13,0.98,11.29,4.69
2022-08-31,Chhattisgarh,3.0,9.33,0.61,4.46,13.37,5.3
2022-08-31,Goa,5.43,7.65,1.29,2.4,14.83,13.18
2022-08-31,Gujarat,7.24,4.26,1.69,4.94,5.92,12.23
2022-08-31,Haryana,5.93,2.6,4.88,0.79,2.39,11.65
2022-08-31,Himachal Pradesh,3.19,4.18,2.56,0.91,2.54,4.89
2022-08-31,Jharkhand,1.65,5.46,1.76,0.7,10.78,3.62
2022-08-31,Karnataka,8.04,8.56,2.93,1.91,13.23,8.38
2022-08-31,Kerala,1.28,8.09,2.55,4.86,10.65,2.07
2022-08-31,Madhya Pradesh,6.09,7.97,4.83,2.93,12.82,12.85
2022-08-31,Maharashtra,1.24,8.15,3.03,2.29,8.68,7.36
2022-08-31,Manipur,2.26,6.39,3.08,2.79,13.94,5.41
2022-08-31,Meghalaya,4.81,2.32,2.68,4.81,12.11,2.64
2022-08-31,Mizoram,3.83,4.92,4.39,2.87,10.32,2.62
2022-08-31,Nagaland,2.54,4.43,4.61,1.18,12.63,12.11
2022-08-31,Odisha,8.91,4.68,3.42,3.33,13.24,8.82
2022-08-31,Punjab,1.71,4.02,1.88,1.06,2.55,11.62
2022-08-31,Rajasthan,4.61,5.14,4.1,3.65,4.64,7.2
2022-08-31,Sikkim,9.96,4.46,2.6,2.18,4.13,5.31
2022-08-31,Tamil Nadu,5.77,5.01,4.39,2.23,8.04,13.99
2022-08-31,Telangana,3.22,1.76,1.66,4.14,13.57,4.27
2022-08-31,Tripura,8.54,5.87,4.95,1.65,6.51,12.51
2022-08-31,Uttar Pradesh,6.36,6.51,4.65,3.56,14.07,5.33
2022-08-31,Uttarakhand,3.02,5.7,3.3,4.7,5.18,7.45
2022-08-31,West Bengal,7.76,3.06,3.25,1.15,8.17,6.43
2022-09-30,Andhra Pradesh,1.22,5.95,2.84,3.86,9.97,11.3
2022-09-30,Arunachal Pradesh,8.04,6.45,1.16,2.01,6.58,8.02
2022-09-30,Assam,3.24,6.55,0.76,1.5,14.35,8.28
2022-09-30,Bihar,6.0,6.71,0.82,3.65,9.38,9.65
2022-09-30,Chhattisgarh,2.18,4.44,3.37,2.51,5.52,5.33
2022-09-30,Goa,4.52,6.83,2.23,2.45,6.89,2.47
2022-09-30,Gujarat,4.11,7.56,2.87,3.06,8.77,9.79
2022-09-30,Haryana,3.74,3.95,4.04,4.38,11.74,13.35
2022-09-30,Himachal Pradesh,3.72,6.8,3.43,4.11,5.38,14.91
2022-09-30,Jharkhand,4.86,3.22,3.47,2.34,8.69,12.04
2022-09-30,Karnataka,2.45,2.1,2.63,4.27,9.17,14.61
2022-09-30,Kerala,8.68,2.47,2.88,0.98,12.14,14.36
2022-09-30,Madhya Pradesh,2.0,9.17,4.62,0.91,2.96,9.0
2022-09-30,Maharashtra,1.32,2.52,1.24,3.54,5.84,13.36
2022-09-30,Manipur,5.03,8.69,0.74,4.19,14.4,5.82
2022-09-30,Meghalaya,5.09,8.05,4.04,3.21,7.6,8.49
2022-09-30,Mizoram,5.77,6.27,0.91,2.08,13.66,4.93
2022-09-30,Nagaland,9.12,5.46,4.95,2.47,9.36,9.18
2022-09-30,Odisha,5.01,9.27,0.86,2.52,13.7,14.87
2022-09-30,Punjab,6.77,8.05,4.7,1.26,8.35,4.01
2022-09-30,Rajasthan,3.22,8.74,4.29,1.93,5.82,9.74
2022-09-30,Sikkim,4.57,6.44,2.2,3.67,4.32,10.28
2022-09-30,Tamil Nadu,7.33,9.77,3.35,1.89,14.77,14.45
2022-09-30,Telangana,4.33,2.65,1.31,1.77,6.55,11.12
2022-09-30,Tripura,7.58,7.34,1.58,1.06,2.32,10.1
2022-09-30,Uttar Pradesh,2.4,7.92,4.83,3.07,6.24,10.71
2022-09-30,Uttarakhand,1.24,2.08,1.84,0.91,5.01,10.33
2022-09-30,West Bengal,6.07,6.8,1.45,2.9,14.03,4.19
2022-10-31,Andhra Pradesh,3.81,3.7,0.85,2.41,6.61,6.44
2022-10-31,Arunachal Pradesh,4.76,4.98,2.71,3.73,14.81,6.39
2022-10-31,Assam,5.95,6.8,2.66,1.28,11.37,3.25
2022-10-31,Bihar,1.27,8.76,0.84,1.1,9.19,8.8
2022-10-31,Chhattisgarh,9.48,5.53,4.95,4.55,6.68,7.14
2022-10-31,Goa,8.59,6.17,2.24,4.16,5.57,11.6
2022-10-31,Gujarat,8.92,1.3,2.06,4.29,7.88,11.32
2022-10-31,Haryana,3.52,6.72,3.49,2.79,3.64,4.96
2022-10-31,Himachal Pradesh,1.55,6.68,1.44,1.22,13.93,12.35
2022-10-31,Jharkhand,2.5,6.03,1.63,2.5,6.01,12.43
2022-10-31,Karnataka,7.11,3.89,3.03,3.69,10.21,14.2
2022-10-31,Kerala,7.33,9.33,1.38,2.09,4.73,5.4
2022-10-31,Madhya Pradesh,1.94,1.4,3.32,2.7,12.23,14.11
2022-10-31,Maharashtra,9.58,9.23,3.26,4.36,9.95,14.52
2022-10-31,Manipur,2.1,8.99,4.58,1.0,14.29,13.69
2022-10-31,Meghalaya,4.58,4.35,2.59,0.94,3.66,13.26
2022-10-31,Mizoram,6.32,6.88,2.55,0.94,11.38,10.37
2022-10-31,Nagaland,1.76,2.49,2.84,3.29,12.81,12.93
2022-10-31,Odisha,4.69,7.23,1.16,0.59,10.34,6.7
2022-10-31,Punjab,8.53,2.9,1.45,3.28,8.31,4.04
2022-10-31,Rajasthan,1.0,1.88,4.42,0.77,4.08,13.11
2022-10-31,Sikkim,3.77,3.09,4.93,4.68,12.81,6.85
2022-10-31,Tamil Nadu,3.53,2.56,0.93,1.33,12.08,5.83
2022-10-31,Telangana,7.46,7.93,4.44,2.65,3.72,3.74
2022-10-31,Tripura,6.42,4.98,2.44,3.38,7.07,13.25
2022-10-31,Uttar Pradesh,7.79,6.63,1.31,1.16,7.82,11.99
2022-10-31,Uttarakhand,6.17,1.45,0.86,3.53,11.15,5.58
2022-10-31,West Bengal,3.72,1.15,0.62,4.7,3.85,10.89
2022-11-30,Andhra Pradesh,3.01,2.45,4.19,2.32,12.67,6.61
2022-11-30,Arunachal Pradesh,6.26,8.32,1.49,2.58,8.53,8.22
2022-11-30,Assam,2.99,7.22,2.63,1.94,11.74,4.68
2022-11-30,Bihar,6.59,1.56,0.64,4.48,11.88,10.53
2022-11-30,Chhattisgarh,4.86,7.0,3.3,1.34,10.24,11.3
2022-11-30,Goa,8.26,7.43,1.96,4.06,12.01,6.02
2022-11-30,Gujarat,6.23,1.42,1.9,1.07,8.83,13.59
2022-11-30,Haryana,3.98,7.67,3.58,2.68,8.08,10.81
2022-11-30,Himachal Pradesh,8.31,5.75,4.46,3.66,13.86,9.32
2022-11-30,Jharkhand,7.25,6.41,3.34,3.61,9.65,11.18
2022-11-30,Karnataka,8.77,4.11,3.76,2.51,13.71,14.52
2022-11-30,Kerala,7.5,5.9,3.03,3.18,5.66,8.67
2022-11-30,Madhya Pradesh,4.21,9.54,1.63,1.46,13.98,13.13
2022-11-30,Maharashtra,9.05,5.92,2.92,4.7,14.69,8.25
2022-11-30,Manipur,8.82,1.44,1.62,3.87,7.73,7.12
2022-11-30,Meghalaya,5.62,6.07,1.55,0.5,9.22,11.29
2022-11-30,Mizoram,3.89,7.17,4.06,3.93,5.47,13.45
2022-11-30,Nagaland,3.14,6.88,4.95,0.61,10.14,10.22
2022-11-30,Odisha,8.78,7.2,0.99,3.78,13.38,7.23
2022-11-30,Punjab,6.29,5.09,0.67,2.17,12.68,6.07
2022-11-30,Rajasthan,1.03,2.61,1.0,3.6,6.2,10.4
2022-11-30,Sikkim,7.33,5.25,1.8,4.01,7.54,13.23
2022-11-30,Tamil Nadu,3.05,5.57,4.94,2.66,4.7,3.94
2022-11-30,Telangana,4.98,5.25,1.64,0.88,10.88,11.1
2022-11-30,Tripura,2.45,6.62,1.62,4.47,14.02,7.57
2022-11-30,Uttar Pradesh,2.3,3.53,2.56,3.47,13.41,2.2
2022-11-30,Uttarakhand,6.93,9.56,0.57,2.07,4.48,4.5
2022-11-30,West Bengal,8.23,5.05,3.15,2.99,7.0,3.15
2022-12-31,Andhra Pradesh,7.78,5.91,2.6,3.34,2.41,14.06
2022-12-31,Arunachal Pradesh,7.27,6.98,2.81,3.03,3.43,9.51
2022-12-31,Assam,7.66,1.53,2.43,1.4,13.45,6.69
2022-12-31,Bihar,4.3,6.59,4.2,2.64,7.4,9.81
2022-12-31,Chhattisgarh,8.68,3.54,1.04,0.96,7.44,2.26
2022-12-31,Goa,9.17,9.52,2.53,0.98,3.18,3.12
2022-12-31,Gujarat,9.1,2.64,4.39,1.15,5.01,12.33
2022-12-31,Haryana,6.28,1.23,2.64,0.58,2.54,14.14
2022-12-31,Himachal Pradesh,1.13,9.34,2.3,2.33,8.68,4.11
2022-12-31,Jharkhand,5.89,7.57,3.86,1.47,13.15,10.01
2022-12-31,Karnataka,6.98,7.12,1.19,0.96,10.13,7.92
2022-12-31,Kerala,9.32,1.95,4.26,2.0,9.05,4.42
2022-12-31,Madhya Pradesh,8.59,4.94,0.9,1.3,4.7,11.42
2022-12-31,Maharashtra,8.03,8.48,2.51,3.42,7.61,4.47
2022-12-31,Manipur,7.21,8.53,1.87,3.49,4.16,13.13
2022-12-31,Meghalaya,7.17,8.63,4.15,2.49,14.26,10.54
2022-12-31,Mizoram,9.23,2.26,0.81,2.35,2.85,13.92
2022-12-31,Nagaland,4.33,2.28,3.12,3.22,7.54,9.85
2022-12-31,Odisha,8.93,8.77,2.33,0.7,14.26,2.75
2022-12-31,Punjab,9.75,7.16,2.59,3.91,4.62,3.73
2022-12-31,Rajasthan,2.31,6.22,0.79,0.88,14.96,14.66
2022-12-31,Sikkim,9.87,3.76,2.53,1.54,9.18,11.83
2022-12-31,Tamil Nadu,4.35,6.65,2.1,1.28,12.9,2.7
2022-12-31,Telangana,9.76,6.52,3.09,4.81,6.51,12.14
2022-12-31,Tripura,7.55,8.74,1.39,4.14,14.13,7.99
2022-12-31,Uttar Pradesh,4.59,8.35,0.87,2.47,8.68,14.32
2022-12-31,Uttarakhand,1.54,3.16,3.08,4.19,3.11,7.58
2022-12-31,West Bengal,8.62,9.57,2.39,1.5,6.4,7.56
