Month,State,Coal_Quantity_MTon,Coal_Value_Lac,Petroleum_Quantity_MTon,Petroleum_Value_Lac,NaturalGas_Quantity_MTon,NaturalGas_Value_Lac
2020-01-31,Andhra Pradesh,2.78,32.93,2.07,60.11,4.83,186.27
2020-01-31,Arunachal Pradesh,2.98,39.63,13.91,500.91,6.92,240.47
2020-01-31,Assam,3.74,47.61,9.71,324.06,12.45,409.13
2020-01-31,Bihar,5.21,66.69,2.83,94.82,7.06,280.04
2020-01-31,Chhattisgarh,6.0,84.92,5.14,162.39,8.86,398.28
2020-01-31,Goa,5.64,80.45,12.26,341.31,2.12,100.46
2020-01-31,Gujarat,5.76,84.71,9.22,255.98,7.04,334.26
2020-01-31,Haryana,4.48,72.47,11.31,348.95,4.88,259.88
2020-01-31,Himachal Pradesh,5.77,101.68,13.89,520.37,4.91,280.17
2020-01-31,Jharkhand,2.12,41.57,10.2,346.34,6.71,358.05
2020-01-31,Karnataka,4.87,98.44,14.18,540.46,11.82,670.72
2020-01-31,Kerala,4.71,92.3,10.18,358.63,9.65,605.63
2020-01-31,Madhya Pradesh,2.47,49.48,2.21,78.12,1.5,88.71
2020-01-31,Maharashtra,1.04,22.57,11.64,397.16,11.38,658.5
2020-01-31,Manipur,2.65,62.26,3.93,159.02,12.81,736.01
2020-01-31,Meghalaya,1.37,32.66,13.72,607.5,3.75,237.02
2020-01-31,Mizoram,6.05,144.0,14.13,573.23,10.43,679.24
2020-01-31,Nagaland,2.26,57.02,12.49,459.16,14.2,858.84
2020-01-31,Odisha,5.0,131.88,6.66,279.43,13.37,751.48
2020-01-31,Punjab,6.33,177.93,1.21,55.87,2.93,151.01
2020-01-31,Rajasthan,1.02,30.23,14.31,729.37,12.22,651.32
2020-01-31,Sikkim,1.5,45.44,1.82,100.49,8.57,510.41
2020-01-31,Tamil Nadu,4.19,130.48,0.75,45.42,10.7,586.37
2020-01-31,Telangana,3.62,108.47,14.9,929.83,13.92,714.29
2020-01-31,Tripura,5.8,182.49,8.1,484.7,12.32,589.5
2020-01-31,Uttar Pradesh,1.15,36.56,11.4,737.6,13.57,651.16
2020-01-31,Uttarakhand,6.65,216.49,11.23,784.93,3.24,158.58
2020-01-31,West Bengal,4.75,152.14,3.03,234.1,9.14,475.35
2020-02-29,Andhra Pradesh,5.69,178.84,8.77,667.93,14.31,717.87
2020-02-29,Arunachal Pradesh,6.42,212.33,4.28,351.56,9.59,455.74
2020-02-29,Assam,2.79,91.37,6.12,504.36,1.57,85.45
2020-02-29,Bihar,5.76,189.16,11.51,953.72,7.95,395.15
2020-02-29,Chhattisgarh,0.68,22.39,4.12,330.21,5.8,273.24
2020-02-29,Goa,6.48,212.51,12.77,1024.88,8.56,425.02
2020-02-29,Gujarat,6.76,227.89,5.49,453.34,5.13,286.46
2020-02-29,Haryana,5.08,177.15,8.39,713.67,12.97,725.55
2020-02-29,Himachal Pradesh,3.93,139.43,2.31,211.14,9.85,605.63
2020-02-29,Jharkhand,3.67,128.66,7.89,772.29,5.19,304.68
2020-02-29,Karnataka,5.3,185.28,7.86,768.14,12.39,668.6
2020-02-29,Kerala,2.31,84.02,14.78,1503.86,7.71,398.94
2020-02-29,Madhya Pradesh,3.01,113.09,9.28,908.55,1.61,81.12
2020-02-29,Maharashtra,4.51,165.51,4.0,421.31,4.23,223.23
2020-02-29,Manipur,0.9,34.09,7.15,763.99,2.3,122.08
2020-02-29,Meghalaya,5.23,197.41,12.0,1280.06,14.24,794.48
2020-02-29,Mizoram,1.32,48.29,7.28,753.0,13.43,717.03
2020-02-29,Nagaland,0.47,17.51,13.43,1387.18,2.68,131.13
2020-02-29,Odisha,6.4,241.61,4.38,472.07,11.34,600.96
2020-02-29,Punjab,6.32,235.82,3.2,358.41,11.27,577.12
2020-02-29,Rajasthan,2.66,104.56,5.01,580.68,8.07,379.21
2020-02-29,Sikkim,4.05,161.49,5.85,710.0,13.06,556.06
2020-02-29,Tamil Nadu,0.47,18.61,2.09,255.5,11.13,423.12
2020-02-29,Telangana,5.44,218.06,11.39,1481.35,8.47,372.86
2020-02-29,Tripura,6.81,269.25,2.9,385.67,4.81,218.88
2020-02-29,Uttar Pradesh,5.19,211.45,7.14,972.74,11.22,562.22
2020-02-29,Uttarakhand,2.74,112.77,8.22,1110.55,13.38,614.49
2020-02-29,West Bengal,5.84,240.47,11.99,1572.28,10.94,577.24
2020-03-31,Andhra Pradesh,1.95,83.48,0.7,95.13,6.85,379.67
2020-03-31,Arunachal Pradesh,1.91,85.18,13.52,1915.62,12.71,748.78
2020-03-31,Assam,1.57,71.47,10.81,1501.95,6.43,363.28
2020-03-31,Bihar,3.58,164.93,4.36,589.59,8.56,457.71
2020-03-31,Chhattisgarh,0.94,43.93,14.72,1985.74,1.97,114.09
2020-03-31,Goa,1.35,65.43,14.68,2019.79,6.17,388.64
2020-03-31,Gujarat,3.74,187.87,3.3,453.8,6.37,384.11
2020-03-31,Haryana,3.43,177.32,11.21,1597.9,14.24,796.4
2020-03-31,Himachal Pradesh,1.9,99.84,11.26,1576.43,10.61,616.63
2020-03-31,Jharkhand,1.73,90.64,0.78,114.91,10.59,600.26
2020-03-31,Karnataka,3.36,180.15,5.37,812.13,1.04,65.57
2020-03-31,Kerala,0.25,13.52,14.82,2201.29,1.72,112.71
2020-03-31,Madhya Pradesh,0.91,50.9,8.09,1253.85,10.98,697.45
2020-03-31,Maharashtra,0.23,12.62,3.95,608.95,12.59,872.99
2020-03-31,Manipur,0.85,48.18,6.04,909.19,15.0,1004.25
2020-03-31,Meghalaya,0.29,16.82,8.44,1260.02,9.46,625.29
2020-03-31,Mizoram,1.56,91.2,13.73,2033.02,10.36,707.98
2020-03-31,Nagaland,4.7,276.95,11.77,1801.38,4.66,344.28
2020-03-31,Odisha,6.55,383.38,12.23,1847.85,9.98,784.64
2020-03-31,Punjab,2.12,125.15,5.6,879.94,11.91,943.27
2020-03-31,Rajasthan,6.75,393.69,1.51,247.71,10.81,915.16
2020-03-31,Sikkim,0.71,41.06,4.13,706.86,7.06,594.6
2020-03-31,Tamil Nadu,5.24,302.3,10.14,1707.02,3.31,293.27
2020-03-31,Telangana,0.83,48.2,14.93,2537.69,2.99,273.73
2020-03-31,Tripura,4.34,255.6,4.73,838.17,13.09,1157.02
2020-03-31,Uttar Pradesh,0.22,13.21,5.27,941.27,8.38,779.21
2020-03-31,Uttarakhand,2.51,150.73,14.98,2750.78,4.56,415.92
2020-03-31,West Bengal,5.47,326.1,3.45,652.13,12.79,1131.53
2020-04-30,Andhra Pradesh,0.67,41.26,8.97,1740.87,10.91,995.76
2020-04-30,Arunachal Pradesh,1.42,89.1,12.78,2525.69,7.35,704.59
2020-04-30,Assam,5.79,368.73,5.95,1219.14,8.25,827.46
2020-04-30,Bihar,3.13,199.23,13.94,2857.95,13.61,1425.49
2020-04-30,Chhattisgarh,1.9,122.29,9.13,1867.79,6.03,645.19
2020-04-30,Goa,2.9,191.46,5.57,1164.39,13.71,1555.83
2020-04-30,Gujarat,2.77,183.99,2.51,524.17,5.35,606.69
2020-04-30,Haryana,5.03,343.33,1.67,350.42,11.84,1300.25
2020-04-30,Himachal Pradesh,3.18,214.34,1.29,274.48,2.26,249.59
2020-04-30,Jharkhand,2.46,164.51,12.73,2674.39,11.52,1215.81
2020-04-30,Karnataka,4.49,307.44,3.89,837.64,2.48,256.0
2020-04-30,Kerala,2.26,158.51,4.19,890.44,10.87,1176.48
2020-04-30,Madhya Pradesh,2.78,198.48,1.09,236.55,5.28,546.96
2020-04-30,Maharashtra,1.61,114.9,12.38,2732.56,10.73,1167.27
2020-04-30,Manipur,0.32,22.6,10.56,2410.82,13.57,1453.82
2020-04-30,Meghalaya,3.78,263.41,5.59,1297.25,3.5,370.89
2020-04-30,Mizoram,5.99,416.42,12.84,3046.54,7.48,786.92
2020-04-30,Nagaland,3.02,210.05,6.56,1538.19,1.27,134.94
2020-04-30,Odisha,1.78,127.11,5.52,1299.42,2.13,231.85
2020-04-30,Punjab,3.45,253.22,7.02,1688.03,4.99,565.15
2020-04-30,Rajasthan,3.16,233.92,6.73,1615.72,4.98,567.91
2020-04-30,Sikkim,4.87,362.81,13.12,3125.1,9.83,1087.15
2020-04-30,Tamil Nadu,3.02,229.89,11.76,2882.66,5.41,600.02
2020-04-30,Telangana,4.68,351.3,13.42,3320.7,5.62,615.26
2020-04-30,Tripura,2.83,213.71,10.85,2735.01,12.12,1271.39
2020-04-30,Uttar Pradesh,1.21,92.41,12.54,3217.53,4.44,454.41
2020-04-30,Uttarakhand,0.49,38.25,4.53,1196.63,14.18,1396.38
2020-04-30,West Bengal,1.98,157.48,14.07,3800.85,9.56,906.45
2020-05-31,Andhra Pradesh,3.9,313.96,7.08,1896.57,1.28,127.15
2020-05-31,Arunachal Pradesh,1.97,156.42,2.1,565.29,8.12,802.14
2020-05-31,Assam,3.46,278.04,10.54,2805.93,2.45,238.26
2020-05-31,Bihar,3.69,303.17,13.09,3498.85,12.23,1269.47
2020-05-31,Chhattisgarh,5.38,451.94,8.74,2310.88,6.52,671.75
2020-05-31,Goa,4.61,388.42,14.81,3940.72,6.42,690.44
2020-05-31,Gujarat,1.49,123.76,3.56,937.57,11.45,1293.83
2020-05-31,Haryana,2.0,167.26,5.16,1391.18,12.12,1433.9
2020-05-31,Himachal Pradesh,4.49,372.35,6.28,1717.36,13.02,1566.88
2020-05-31,Jharkhand,4.27,359.51,14.34,4013.89,8.18,957.8
2020-05-31,Karnataka,6.08,523.22,12.2,3477.37,2.48,278.73
2020-05-31,Kerala,4.22,363.68,13.95,3988.11,5.41,595.12
2020-05-31,Madhya Pradesh,5.11,448.54,13.8,3939.55,14.71,1666.68
2020-05-31,Maharashtra,1.47,129.5,7.25,2123.54,9.71,1057.96
2020-05-31,Manipur,6.78,591.02,10.34,3019.95,8.69,950.05
2020-05-31,Meghalaya,2.24,194.55,11.58,3409.96,11.95,1374.82
2020-05-31,Mizoram,3.58,309.38,14.62,4339.29,11.69,1361.54
2020-05-31,Nagaland,3.99,351.9,6.51,1954.96,4.15,504.51
2020-05-31,Odisha,6.43,576.46,2.27,673.14,10.22,1268.36
2020-05-31,Punjab,0.79,72.4,4.81,1431.31,5.15,662.08
2020-05-31,Rajasthan,3.4,318.05,2.73,824.2,5.31,709.64
2020-05-31,Sikkim,0.25,23.67,8.09,2425.63,9.83,1311.65
2020-05-31,Tamil Nadu,2.43,230.14,8.24,2494.41,5.52,741.89
2020-05-31,Telangana,5.22,495.2,14.97,4580.48,11.27,1504.8
2020-05-31,Tripura,6.24,603.72,0.52,161.09,12.72,1737.22
2020-05-31,Uttar Pradesh,0.36,35.22,2.17,665.64,2.96,423.12
2020-05-31,Uttarakhand,2.88,280.38,5.13,1553.44,14.38,2057.1
2020-05-31,West Bengal,3.01,290.66,1.63,490.69,6.59,988.82
2020-06-30,Andhra Pradesh,1.69,162.69,2.06,635.39,14.23,2116.84
2020-06-30,Arunachal Pradesh,3.56,341.71,6.5,2042.16,13.76,1996.5
2020-06-30,Assam,4.42,421.84,2.83,878.8,7.33,1054.09
2020-06-30,Bihar,2.15,202.71,6.46,1994.91,10.94,1614.56
2020-06-30,Chhattisgarh,4.73,447.32,12.81,3950.72,7.66,1120.11
2020-06-30,Goa,3.12,297.65,1.13,345.87,9.96,1442.14
2020-06-30,Gujarat,5.77,551.4,10.64,3292.01,11.02,1608.56
2020-06-30,Haryana,6.88,650.18,8.69,2727.45,7.02,1039.59
2020-06-30,Himachal Pradesh,6.31,602.79,3.16,989.1,11.07,1663.32
2020-06-30,Jharkhand,3.52,333.23,2.66,846.17,12.76,1890.29
2020-06-30,Karnataka,1.95,184.9,13.67,4392.66,11.47,1700.65
2020-06-30,Kerala,6.81,640.69,3.3,1048.5,13.19,1954.15
2020-06-30,Madhya Pradesh,2.17,203.18,6.9,2172.83,10.37,1594.14
2020-06-30,Maharashtra,5.68,540.86,13.9,4482.16,9.56,1429.23
2020-06-30,Manipur,5.82,556.38,13.41,4335.32,8.45,1235.33
2020-06-30,Meghalaya,0.44,41.8,8.82,2919.19,7.56,1070.63
2020-06-30,Mizoram,3.43,330.92,4.17,1370.76,2.25,319.18
2020-06-30,Nagaland,6.92,672.63,12.09,3960.79,4.86,695.83
2020-06-30,Odisha,4.33,425.51,13.37,4429.47,7.0,1027.05
2020-06-30,Punjab,6.37,628.5,2.83,951.97,2.42,350.42
2020-06-30,Rajasthan,3.84,375.35,8.31,2780.99,5.4,797.96
2020-06-30,Sikkim,5.6,554.32,9.69,3220.73,14.23,2161.74
2020-06-30,Tamil Nadu,6.02,598.26,8.66,2935.24,1.03,157.06
2020-06-30,Telangana,2.07,204.45,2.51,866.36,3.4,518.72
2020-06-30,Tripura,2.1,208.43,6.19,2155.45,6.11,918.84
2020-06-30,Uttar Pradesh,6.51,653.72,1.71,593.95,2.55,388.28
2020-06-30,Uttarakhand,5.56,566.25,7.55,2618.92,1.97,303.85
2020-06-30,West Bengal,4.84,487.91,3.2,1113.43,13.59,2123.07
2020-07-31,Andhra Pradesh,1.17,116.92,0.59,203.82,2.47,387.24
2020-07-31,Arunachal Pradesh,4.89,492.42,11.18,3926.59,2.71,424.38
2020-07-31,Assam,4.36,441.82,3.05,1064.56,6.37,971.63
2020-07-31,Bihar,6.48,651.96,7.79,2770.46,10.11,1497.39
2020-07-31,Chhattisgarh,4.25,434.15,10.62,3820.81,13.85,2103.11
2020-07-31,Goa,1.69,172.25,0.51,183.9,6.46,970.38
2020-07-31,Gujarat,5.78,583.85,6.8,2486.5,4.06,589.69
2020-07-31,Haryana,2.44,246.75,4.89,1770.18,6.09,862.96
2020-07-31,Himachal Pradesh,5.85,585.34,3.99,1474.18,10.6,1455.98
2020-07-31,Jharkhand,5.86,593.85,2.88,1085.21,3.56,507.06
2020-07-31,Karnataka,4.92,502.61,8.09,3016.39,1.87,260.01
2020-07-31,Kerala,0.89,91.42,14.39,5366.24,3.83,534.43
2020-07-31,Madhya Pradesh,2.74,280.04,5.59,2066.07,4.74,693.31
2020-07-31,Maharashtra,5.81,605.0,9.16,3430.99,1.83,259.94
2020-07-31,Manipur,6.13,647.59,1.47,559.28,3.02,425.23
2020-07-31,Meghalaya,1.9,200.14,11.27,4357.17,4.75,669.82
2020-07-31,Mizoram,1.49,157.78,1.71,671.54,13.55,1933.5
2020-07-31,Nagaland,0.61,65.01,10.8,4246.52,3.79,542.97
2020-07-31,Odisha,6.6,704.24,5.76,2262.07,4.78,714.39
2020-07-31,Punjab,0.62,66.03,14.86,5823.66,6.08,908.15
2020-07-31,Rajasthan,1.12,120.66,6.72,2612.27,7.87,1215.61
2020-07-31,Sikkim,3.7,396.83,11.98,4674.55,10.41,1659.6
2020-07-31,Tamil Nadu,6.39,687.91,9.11,3577.08,2.56,408.66
2020-07-31,Telangana,6.58,718.72,7.26,2828.47,8.06,1328.28
2020-07-31,Tripura,2.27,251.72,1.83,706.15,6.72,1149.29
2020-07-31,Uttar Pradesh,3.7,413.52,5.62,2190.78,2.71,460.87
2020-07-31,Uttarakhand,1.22,138.39,13.5,5309.16,7.68,1323.0
2020-07-31,West Bengal,0.31,35.54,6.73,2698.48,8.53,1480.84
2020-08-31,Andhra Pradesh,2.79,324.58,6.05,2420.24,4.66,803.15
2020-08-31,Arunachal Pradesh,3.56,416.85,3.58,1430.4,9.38,1640.08
2020-08-31,Assam,6.63,782.28,12.04,4880.94,8.23,1481.26
2020-08-31,Bihar,1.62,192.41,13.61,5544.26,2.11,372.93
2020-08-31,Chhattisgarh,5.11,610.61,8.45,3430.56,3.21,563.64
2020-08-31,Goa,0.53,64.1,14.84,6139.03,11.57,2021.8
2020-08-31,Gujarat,1.73,207.97,13.21,5518.22,5.65,993.02
2020-08-31,Haryana,4.27,509.17,5.0,2078.37,5.38,941.43
2020-08-31,Himachal Pradesh,6.9,824.88,14.17,5845.95,7.92,1368.98
2020-08-31,Jharkhand,6.5,781.02,14.87,6182.95,6.87,1232.24
2020-08-31,Karnataka,5.43,647.09,4.33,1800.38,14.96,2656.09
2020-08-31,Kerala,6.68,797.22,11.59,4820.04,6.75,1191.61
2020-08-31,Madhya Pradesh,3.09,366.91,11.45,4821.26,9.88,1752.55
2020-08-31,Maharashtra,4.78,573.77,13.03,5483.86,3.25,568.7
2020-08-31,Manipur,2.6,314.43,11.52,4850.47,6.04,1053.36
2020-08-31,Meghalaya,5.52,668.03,1.6,679.73,5.58,986.74
2020-08-31,Mizoram,4.16,498.63,7.77,3284.12,4.48,814.58
2020-08-31,Nagaland,3.3,392.78,13.24,5578.69,10.25,1901.09
2020-08-31,Odisha,2.78,331.4,9.49,3966.16,3.12,590.25
2020-08-31,Punjab,4.27,508.86,0.76,317.81,9.61,1808.29
2020-08-31,Rajasthan,6.36,753.18,6.09,2570.61,6.9,1327.67
2020-08-31,Sikkim,3.77,453.73,4.17,1758.2,8.2,1546.69
2020-08-31,Tamil Nadu,1.91,232.2,10.77,4611.78,12.32,2334.83
2020-08-31,Telangana,3.7,447.91,7.25,3117.12,10.58,2058.89
2020-08-31,Tripura,0.52,63.26,6.04,2591.24,13.22,2547.19
2020-08-31,Uttar Pradesh,4.34,534.02,1.5,646.55,2.81,550.55
2020-08-31,Uttarakhand,0.38,47.33,4.83,2098.81,9.21,1804.34
2020-08-31,West Bengal,4.37,540.45,10.05,4414.86,6.35,1220.98
2020-09-30,Andhra Pradesh,5.05,633.43,11.38,5011.47,5.01,991.01
2020-09-30,Arunachal Pradesh,3.82,484.83,5.13,2285.37,12.07,2343.86
2020-09-30,Assam,2.7,344.76,8.21,3698.0,4.27,817.56
2020-09-30,Bihar,4.65,597.97,2.89,1296.3,4.0,771.68
2020-09-30,Chhattisgarh,5.02,655.46,13.23,5904.26,12.35,2434.47
2020-09-30,Goa,6.83,890.29,6.12,2750.44,8.27,1649.83
2020-09-30,Gujarat,5.71,737.48,5.88,2686.02,6.94,1361.39
2020-09-30,Haryana,5.35,701.44,7.64,3510.24,8.38,1669.47
2020-09-30,Himachal Pradesh,6.56,862.99,3.31,1537.53,14.36,2930.16
2020-09-30,Jharkhand,2.67,354.04,7.0,3267.22,4.18,837.71
2020-09-30,Karnataka,6.43,846.09,5.99,2787.69,9.58,1966.26
2020-09-30,Kerala,5.62,734.08,6.67,3102.59,5.91,1237.08
2020-09-30,Madhya Pradesh,6.69,880.45,4.82,2238.2,2.31,494.42
2020-09-30,Maharashtra,1.51,200.12,6.27,2912.05,4.21,903.7
2020-09-30,Manipur,4.83,640.8,8.55,3977.58,12.25,2701.61
2020-09-30,Meghalaya,2.39,317.71,1.36,632.7,12.63,2851.92
2020-09-30,Mizoram,3.57,470.41,6.21,2886.79,14.79,3317.54
2020-09-30,Nagaland,5.92,774.54,13.65,6428.69,6.78,1537.75
2020-09-30,Odisha,6.57,859.73,11.1,5244.06,14.4,3361.79
2020-09-30,Punjab,4.55,601.95,6.0,2882.4,8.42,1939.42
2020-09-30,Rajasthan,2.98,392.59,9.16,4408.08,4.43,1017.19
2020-09-30,Sikkim,4.37,583.95,6.26,3044.29,6.78,1576.3
2020-09-30,Tamil Nadu,4.58,609.65,11.1,5435.98,5.16,1205.92
2020-09-30,Telangana,1.96,261.31,14.0,6811.86,5.83,1342.95
2020-09-30,Tripura,3.07,414.91,10.92,5316.73,6.75,1525.28
2020-09-30,Uttar Pradesh,0.33,44.95,12.34,5989.59,14.75,3283.21
2020-09-30,Uttarakhand,6.69,917.89,11.3,5494.98,4.21,961.0
2020-09-30,West Bengal,0.42,57.38,1.42,700.94,1.59,370.87
2020-10-31,Andhra Pradesh,3.19,432.16,6.72,3365.05,1.34,320.46
2020-10-31,Arunachal Pradesh,2.39,324.13,2.53,1262.13,5.89,1417.63
2020-10-31,Assam,0.22,29.71,13.83,6872.43,5.69,1389.59
2020-10-31,Bihar,6.73,921.1,12.54,6304.51,5.42,1306.35
2020-10-31,Chhattisgarh,5.53,766.85,11.27,5634.45,9.84,2349.89
2020-10-31,Goa,6.54,907.43,4.51,2239.86,7.54,1770.12
2020-10-31,Gujarat,3.0,420.65,7.78,3922.88,14.74,3495.79
2020-10-31,Haryana,4.99,698.99,3.55,1815.69,1.22,285.13
2020-10-31,Himachal Pradesh,5.07,714.95,13.27,6853.94,4.93,1144.31
2020-10-31,Jharkhand,2.87,403.81,14.84,7638.57,10.15,2373.4
2020-10-31,Karnataka,2.06,289.15,8.65,4423.4,5.67,1323.89
2020-10-31,Kerala,4.03,568.39,13.71,7007.51,13.66,3209.34
2020-10-31,Madhya Pradesh,0.29,40.85,13.17,6754.08,2.8,648.14
2020-10-31,Maharashtra,5.85,833.44,0.82,422.37,7.41,1728.27
2020-10-31,Manipur,2.67,380.28,10.98,5704.97,6.57,1548.75
2020-10-31,Meghalaya,6.97,995.19,2.86,1485.17,7.31,1723.34
2020-10-31,Mizoram,3.15,455.24,6.39,3318.19,8.5,2028.36
2020-10-31,Nagaland,5.67,824.9,13.37,6900.38,10.62,2556.05
2020-10-31,Odisha,1.9,278.24,1.7,888.37,2.4,570.43
2020-10-31,Punjab,0.6,88.72,8.2,4338.08,4.47,1042.15
2020-10-31,Rajasthan,5.44,804.18,3.2,1708.47,2.35,549.48
2020-10-31,Sikkim,3.04,453.53,13.11,7056.69,13.35,3099.31
2020-10-31,Tamil Nadu,4.95,745.1,2.24,1207.76,9.37,2183.49
2020-10-31,Telangana,2.49,374.03,5.11,2741.41,12.44,2971.14
2020-10-31,Tripura,3.69,556.75,6.55,3549.72,11.17,2633.04
2020-10-31,Uttar Pradesh,1.28,193.76,6.36,3475.09,7.57,1797.3
2020-10-31,Uttarakhand,0.91,136.98,10.92,5976.08,11.87,2896.33
2020-10-31,West Bengal,2.15,323.29,0.78,427.56,14.57,3650.21
2020-11-30,Andhra Pradesh,4.19,637.57,3.53,1951.87,9.33,2402.43
2020-11-30,Arunachal Pradesh,3.72,564.47,9.01,5021.66,10.57,2761.68
2020-11-30,Assam,6.02,909.82,6.82,3795.46,4.27,1103.51
2020-11-30,Bihar,0.65,98.29,3.94,2197.74,8.03,2111.25
2020-11-30,Chhattisgarh,6.3,961.1,3.61,2041.41,10.88,2850.54
2020-11-30,Goa,5.57,856.24,14.73,8274.95,2.93,774.98
2020-11-30,Gujarat,1.36,208.37,0.81,456.54,6.12,1598.17
2020-11-30,Haryana,3.18,487.35,13.47,7648.78,6.08,1597.58
2020-11-30,Himachal Pradesh,4.01,621.81,13.6,7771.93,13.67,3678.11
2020-11-30,Jharkhand,2.73,426.9,8.87,5060.12,12.26,3384.22
2020-11-30,Karnataka,4.03,629.85,8.65,4974.08,2.98,826.37
2020-11-30,Kerala,4.14,646.72,2.43,1395.63,12.18,3456.72
2020-11-30,Madhya Pradesh,5.37,837.82,3.49,1996.17,10.33,2998.34
2020-11-30,Maharashtra,5.8,909.69,3.6,2085.74,7.35,2170.42
2020-11-30,Manipur,1.38,217.25,2.2,1290.65,6.76,2007.32
2020-11-30,Meghalaya,2.57,404.44,4.34,2568.78,6.66,2019.12
2020-11-30,Mizoram,3.77,591.77,5.14,3076.98,8.55,2635.49
2020-11-30,Nagaland,2.55,397.82,11.34,6877.77,6.04,1831.94
2020-11-30,Odisha,1.53,239.09,7.21,4365.85,12.51,3738.89
2020-11-30,Punjab,3.8,599.01,9.81,6004.53,14.86,4394.8
2020-11-30,Rajasthan,3.41,540.16,11.36,6934.45,9.32,2783.86
2020-11-30,Sikkim,2.77,435.6,1.28,786.19,9.63,2920.94
2020-11-30,Tamil Nadu,6.21,972.3,13.17,8151.69,5.2,1562.19
2020-11-30,Telangana,5.65,892.34,7.28,4481.03,3.23,957.15
2020-11-30,Tripura,3.32,527.43,9.04,5560.37,5.69,1716.04
2020-11-30,Uttar Pradesh,0.39,62.44,14.05,8692.36,3.98,1223.7
2020-11-30,Uttarakhand,2.12,339.96,2.62,1628.29,6.68,2061.69
2020-11-30,West Bengal,5.61,901.88,1.91,1183.43,14.2,4406.02
2020-12-31,Andhra Pradesh,0.97,157.61,14.8,9114.75,6.26,1932.76
2020-12-31,Arunachal Pradesh,2.38,390.99,12.73,7799.94,12.68,3952.89
2020-12-31,Assam,1.24,204.74,2.61,1590.71,6.38,2016.36
2020-12-31,Bihar,4.11,686.44,7.86,4843.91,12.43,3966.37
2020-12-31,Chhattisgarh,4.34,725.67,4.29,2635.45,9.27,3017.31
2020-12-31,Goa,4.64,784.77,10.04,6216.56,14.42,4622.76
2020-12-31,Gujarat,1.52,255.87,13.95,8732.53,13.47,4408.84
2020-12-31,Haryana,4.45,747.6,0.95,600.08,1.77,573.89
2020-12-31,Himachal Pradesh,5.34,904.97,3.82,2408.89,10.01,3208.39
2020-12-31,Jharkhand,0.96,163.5,13.31,8353.22,10.84,3525.21
2020-12-31,Karnataka,2.96,503.37,11.77,7353.14,6.66,2192.61
2020-12-31,Kerala,6.73,1144.48,12.65,7906.51,7.88,2559.19
2020-12-31,Madhya Pradesh,5.23,898.01,1.17,740.44,10.45,3343.52
2020-12-31,Maharashtra,1.04,177.65,6.29,4009.88,2.51,792.44
2020-12-31,Manipur,0.93,158.53,5.62,3602.4,11.62,3683.2
2020-12-31,Meghalaya,6.23,1063.05,2.19,1419.51,1.3,418.77
2020-12-31,Mizoram,2.01,345.57,14.78,9612.45,3.8,1238.68
2020-12-31,Nagaland,3.46,598.24,13.7,8858.37,9.17,2996.06
2020-12-31,Odisha,6.16,1073.56,14.89,9735.91,4.26,1401.16
2020-12-31,Punjab,1.89,332.91,7.84,5126.81,9.53,3154.75
2020-12-31,Rajasthan,6.81,1205.22,1.03,673.32,4.29,1409.95
2020-12-31,Sikkim,1.03,181.43,1.94,1270.3,7.41,2457.2
2020-12-31,Tamil Nadu,0.61,106.99,10.98,7191.04,12.51,4156.28
2020-12-31,Telangana,6.55,1147.41,10.54,6959.81,11.82,4005.77
2020-12-31,Tripura,6.7,1166.21,3.65,2431.6,6.69,2288.41
2020-12-31,Uttar Pradesh,5.21,905.16,2.36,1581.86,3.56,1238.79
2020-12-31,Uttarakhand,6.7,1159.81,8.45,5713.06,7.91,2724.05
2020-12-31,West Bengal,3.21,555.8,5.53,3733.23,4.6,1569.7
2021-01-31,Andhra Pradesh,2.54,442.09,12.54,8527.78,2.77,959.56
2021-01-31,Arunachal Pradesh,5.76,1011.13,13.67,9306.94,1.88,652.78
2021-01-31,Assam,6.56,1150.46,4.6,3168.08,1.53,532.12
2021-01-31,Bihar,1.37,242.54,14.76,10188.42,14.62,5028.52
2021-01-31,Chhattisgarh,0.27,48.29,5.35,3727.04,2.1,732.53
2021-01-31,Goa,0.33,59.17,12.16,8432.98,6.18,2176.39
2021-01-31,Gujarat,4.99,898.55,2.22,1539.7,10.88,3820.76
2021-01-31,Haryana,2.38,426.22,13.84,9588.2,12.8,4469.63
2021-01-31,Himachal Pradesh,0.63,112.13,6.24,4298.15,9.42,3247.74
2021-01-31,Jharkhand,6.84,1215.54,3.25,2250.78,13.06,4580.07
2021-01-31,Karnataka,1.2,214.79,12.99,8995.93,8.1,2840.13
2021-01-31,Kerala,0.49,87.62,14.91,10400.76,11.75,4164.03
2021-01-31,Madhya Pradesh,2.81,505.93,12.17,8516.62,14.88,5297.23
2021-01-31,Maharashtra,0.25,45.04,11.73,8174.09,2.93,1039.18
2021-01-31,Manipur,6.24,1129.01,11.61,8045.32,14.99,5384.43
2021-01-31,Meghalaya,0.89,161.45,4.59,3214.65,5.86,2123.24
2021-01-31,Mizoram,4.68,858.31,9.17,6490.54,1.53,550.35
2021-01-31,Nagaland,6.83,1260.64,3.25,2294.21,11.19,3986.01
2021-01-31,Odisha,3.29,612.97,6.07,4305.74,10.85,3926.93
2021-01-31,Punjab,1.8,338.51,13.79,9827.09,14.37,5275.72
2021-01-31,Rajasthan,6.53,1232.83,1.42,1017.98,7.84,2846.92
2021-01-31,Sikkim,4.92,937.9,9.85,7118.86,11.71,4306.87
2021-01-31,Tamil Nadu,0.47,89.9,11.46,8243.93,10.42,3877.11
2021-01-31,Telangana,5.15,986.75,6.7,4866.99,7.06,2592.05
2021-01-31,Tripura,3.12,594.61,14.44,10547.16,10.81,4035.23
2021-01-31,Uttar Pradesh,4.47,854.11,3.17,2335.09,11.39,4228.91
2021-01-31,Uttarakhand,4.49,861.23,8.97,6637.24,8.21,3019.18
2021-01-31,West Bengal,2.57,491.2,14.67,10879.86,5.58,2043.22
2021-02-28,Andhra Pradesh,5.27,1005.19,10.71,8017.8,11.88,4305.9
2021-02-28,Arunachal Pradesh,2.57,492.11,2.04,1536.73,11.33,4053.46
2021-02-28,Assam,0.82,156.26,4.28,3256.71,8.95,3216.5
2021-02-28,Bihar,5.03,962.61,1.9,1439.98,3.28,1201.01
2021-02-28,Chhattisgarh,2.46,471.28,3.8,2876.1,14.24,5249.03
2021-02-28,Goa,4.83,933.52,2.47,1874.6,4.8,1752.53
2021-02-28,Gujarat,0.6,116.87,13.43,10146.17,1.48,549.36
2021-02-28,Haryana,5.77,1123.29,12.36,9289.66,9.31,3449.84
2021-02-28,Himachal Pradesh,0.35,68.81,13.38,10023.98,7.85,2925.31
2021-02-28,Jharkhand,6.59,1300.82,12.58,9416.44,9.67,3607.38
2021-02-28,Karnataka,2.56,507.89,7.72,5787.66,1.16,434.28
2021-02-28,Kerala,2.57,513.12,8.67,6542.35,3.04,1144.09
2021-02-28,Madhya Pradesh,2.89,581.88,3.95,2970.25,1.49,564.0
2021-02-28,Maharashtra,6.39,1289.24,9.81,7454.44,9.91,3715.71
2021-02-28,Manipur,0.33,67.13,8.36,6386.74,5.73,2164.95
2021-02-28,Meghalaya,2.4,485.35,2.25,1714.91,4.05,1548.43
2021-02-28,Mizoram,2.97,598.84,12.84,9836.57,10.04,3807.14
2021-02-28,Nagaland,3.76,759.59,6.8,5260.15,7.82,3014.05
2021-02-28,Odisha,4.21,847.89,10.92,8521.33,4.06,1580.39
2021-02-28,Punjab,5.12,1030.97,12.31,9579.08,6.4,2488.21
2021-02-28,Rajasthan,1.73,347.87,10.34,8093.23,2.46,945.14
2021-02-28,Sikkim,3.91,787.36,10.57,8322.52,7.09,2689.83
2021-02-28,Tamil Nadu,4.6,920.92,9.4,7462.68,5.51,2098.52
2021-02-28,Telangana,4.23,853.38,12.16,9691.99,12.39,4756.83
2021-02-28,Tripura,6.21,1250.86,9.27,7376.88,5.38,2097.46
2021-02-28,Uttar Pradesh,3.26,662.41,8.5,6737.18,4.12,1606.62
2021-02-28,Uttarakhand,3.29,669.06,14.89,11785.21,12.63,4865.3
2021-02-28,West Bengal,3.66,751.42,13.43,10675.31,6.88,2689.19
2021-03-31,Andhra Pradesh,0.56,114.74,14.91,11866.94,5.85,2286.02
2021-03-31,Arunachal Pradesh,4.58,933.66,12.51,10048.96,14.07,5578.56
2021-03-31,Assam,5.55,1125.6,10.92,8739.9,13.14,5233.68
2021-03-31,Bihar,2.29,466.69,7.24,5829.21,10.68,4248.03
2021-03-31,Chhattisgarh,3.82,774.19,12.36,9952.38,3.75,1477.18
2021-03-31,Goa,6.31,1274.16,7.71,6220.19,2.96,1173.85
2021-03-31,Gujarat,4.14,837.14,12.99,10515.3,9.57,3760.81
2021-03-31,Haryana,1.73,350.8,4.64,3747.19,11.82,4634.71
2021-03-31,Himachal Pradesh,2.13,435.75,0.62,499.57,10.89,4321.08
2021-03-31,Jharkhand,1.16,237.81,10.09,8187.78,8.2,3230.21
2021-03-31,Karnataka,6.91,1422.27,9.89,8054.62,4.45,1741.4
2021-03-31,Kerala,3.8,780.32,4.66,3784.36,14.94,5850.27
2021-03-31,Madhya Pradesh,0.96,198.36,14.42,11661.91,10.53,4076.53
2021-03-31,Maharashtra,4.54,938.81,6.73,5423.02,1.48,573.54
2021-03-31,Manipur,5.0,1041.18,2.24,1820.59,1.15,446.65
2021-03-31,Meghalaya,5.61,1165.71,8.93,7307.7,2.39,941.68
2021-03-31,Mizoram,1.16,242.06,12.4,10155.26,11.86,4635.33
2021-03-31,Nagaland,6.28,1316.67,9.46,7755.81,11.72,4576.9
2021-03-31,Odisha,4.22,884.89,4.35,3559.05,11.19,4365.02
2021-03-31,Punjab,6.54,1370.8,2.58,2103.88,9.79,3794.36
2021-03-31,Rajasthan,0.5,105.71,3.48,2843.09,12.82,4942.55
2021-03-31,Sikkim,1.3,274.88,5.29,4323.66,12.59,4898.48
2021-03-31,Tamil Nadu,5.5,1161.17,5.28,4337.93,9.48,3671.09
2021-03-31,Telangana,0.6,126.19,3.71,3054.44,5.93,2273.85
2021-03-31,Tripura,6.59,1391.97,12.6,10362.6,6.99,2651.12
2021-03-31,Uttar Pradesh,5.85,1247.3,13.13,10872.44,4.13,1563.0
2021-03-31,Uttarakhand,1.98,420.05,12.13,10073.57,9.09,3495.57
2021-03-31,West Bengal,0.34,72.53,13.73,11435.33,11.46,4422.56
2021-04-30,Andhra Pradesh,1.33,285.0,3.26,2733.62,10.0,3922.2
2021-04-30,Arunachal Pradesh,6.09,1303.07,5.08,4246.56,1.5,583.66
2021-04-30,Assam,6.98,1490.03,8.63,7244.46,14.2,5523.78
2021-04-30,Bihar,0.72,153.59,11.48,9617.03,5.04,1987.71
2021-04-30,Chhattisgarh,3.61,767.47,2.0,1671.18,4.45,1774.83
2021-04-30,Goa,5.45,1160.62,9.04,7525.74,4.91,1968.28
2021-04-30,Gujarat,0.32,68.47,11.63,9716.7,6.78,2710.47
2021-04-30,Haryana,4.41,949.87,3.48,2900.53,4.68,1850.15
2021-04-30,Himachal Pradesh,6.83,1484.18,13.76,11529.51,4.37,1740.45
2021-04-30,Jharkhand,6.27,1366.93,12.05,10105.27,2.78,1115.75
2021-04-30,Karnataka,1.52,332.33,1.13,954.61,2.39,957.21
2021-04-30,Kerala,5.36,1177.29,5.89,5020.79,6.44,2602.54
2021-04-30,Madhya Pradesh,1.25,275.72,9.6,8205.3,9.71,3910.47
2021-04-30,Maharashtra,3.58,787.65,0.9,769.38,2.5,1024.16
2021-04-30,Manipur,1.1,243.39,5.9,5047.61,7.97,3307.55
2021-04-30,Meghalaya,4.35,962.33,4.64,3991.12,14.02,5884.92
2021-04-30,Mizoram,5.58,1241.26,8.96,7737.92,5.17,2145.87
2021-04-30,Nagaland,5.06,1132.12,1.57,1366.53,1.24,513.45
2021-04-30,Odisha,4.17,928.26,14.98,13058.15,2.99,1246.44
2021-04-30,Punjab,2.5,556.48,4.72,4116.1,3.37,1402.52
2021-04-30,Rajasthan,1.48,329.06,7.94,6950.52,14.68,6144.16
2021-04-30,Sikkim,1.35,302.12,1.16,1013.74,5.33,2218.1
2021-04-30,Tamil Nadu,6.0,1344.49,3.68,3217.34,2.78,1156.85
2021-04-30,Telangana,1.11,250.66,9.97,8719.12,6.05,2509.3
2021-04-30,Tripura,2.53,571.31,11.73,10311.65,13.4,5551.02
2021-04-30,Uttar Pradesh,0.74,167.08,4.57,4051.46,7.31,3048.65
2021-04-30,Uttarakhand,1.2,271.09,2.45,2177.04,11.7,4850.66
2021-04-30,West Bengal,5.2,1180.52,12.66,11288.38,4.34,1828.84
2021-05-31,Andhra Pradesh,4.08,923.39,14.83,13165.05,11.64,4923.38
2021-05-31,Arunachal Pradesh,2.43,550.9,8.0,7157.71,3.6,1528.09
2021-05-31,Assam,5.73,1300.27,5.46,4887.22,13.66,5861.79
2021-05-31,Bihar,6.11,1386.47,11.24,10088.23,7.27,3154.8
2021-05-31,Chhattisgarh,5.52,1261.47,11.54,10380.09,11.92,5208.91
2021-05-31,Goa,0.45,103.66,12.35,11153.91,1.92,841.31
2021-05-31,Gujarat,1.93,446.17,3.16,2860.13,10.21,4541.49
2021-05-31,Haryana,2.2,507.88,11.73,10613.82,9.01,3993.29
2021-05-31,Himachal Pradesh,4.89,1125.28,5.97,5436.09,1.46,653.23
2021-05-31,Jharkhand,1.19,274.68,12.64,11522.01,9.81,4414.13
2021-05-31,Karnataka,2.65,611.8,5.78,5283.05,10.84,4823.92
2021-05-31,Kerala,2.62,603.0,9.75,8884.32,11.3,4996.42
2021-05-31,Madhya Pradesh,6.08,1410.11,10.34,9421.26,12.99,5794.57
2021-05-31,Maharashtra,4.87,1135.1,9.85,8971.73,11.16,5038.81
2021-05-31,Manipur,5.8,1352.66,14.88,13665.34,5.15,2332.56
2021-05-31,Meghalaya,5.41,1257.21,12.6,11670.67,10.24,4653.17
2021-05-31,Mizoram,2.15,498.48,8.12,7548.95,9.16,4191.74
2021-05-31,Nagaland,4.99,1156.71,1.65,1544.24,13.47,6123.28
2021-05-31,Odisha,4.85,1122.81,10.29,9615.64,12.7,5808.69
2021-05-31,Punjab,2.61,608.88,1.18,1103.07,6.79,3130.88
2021-05-31,Rajasthan,1.22,283.76,11.4,10723.83,4.54,2097.26
2021-05-31,Sikkim,6.69,1554.97,1.73,1623.66,9.05,4235.2
2021-05-31,Tamil Nadu,6.22,1448.41,8.13,7648.07,7.63,3567.41
2021-05-31,Telangana,4.73,1100.32,8.52,8065.83,3.89,1826.56
2021-05-31,Tripura,6.79,1582.09,6.23,5893.69,4.43,2081.69
2021-05-31,Uttar Pradesh,3.38,784.75,1.75,1667.75,1.7,800.59
2021-05-31,Uttarakhand,4.62,1080.6,12.31,11757.13,7.33,3472.29
2021-05-31,West Bengal,3.19,744.5,1.39,1330.52,7.34,3468.15
2021-06-30,Andhra Pradesh,5.93,1390.79,2.25,2153.68,7.99,3802.27
2021-06-30,Arunachal Pradesh,3.43,806.8,11.46,11028.32,14.11,6770.86
2021-06-30,Assam,4.01,939.98,0.97,938.1,4.11,1965.04
2021-06-30,Bihar,6.72,1573.52,6.14,5946.57,9.43,4462.62
2021-06-30,Chhattisgarh,5.94,1389.92,10.45,10176.16,5.35,2516.4
2021-06-30,Goa,6.16,1441.57,9.61,9348.49,6.33,3013.65
2021-06-30,Gujarat,4.22,992.54,6.68,6511.39,1.18,564.99
2021-06-30,Haryana,4.72,1118.4,14.44,14052.02,10.2,4903.96
2021-06-30,Himachal Pradesh,1.13,267.18,6.02,5901.84,14.99,7183.05
2021-06-30,Jharkhand,5.11,1217.46,11.7,11446.67,13.45,6531.81
2021-06-30,Karnataka,4.5,1070.03,10.58,10324.19,12.31,5924.93
2021-06-30,Kerala,0.21,50.35,8.63,8447.61,13.02,6333.39
2021-06-30,Madhya Pradesh,2.7,647.28,10.9,10633.56,14.45,7052.74
2021-06-30,Maharashtra,3.19,764.79,11.77,11462.43,6.67,3265.66
2021-06-30,Manipur,4.37,1043.56,10.98,10685.56,12.88,6275.12
2021-06-30,Meghalaya,4.36,1036.25,9.39,9136.93,12.04,5930.0
2021-06-30,Mizoram,2.06,488.41,11.33,11107.89,12.86,6400.35
2021-06-30,Nagaland,3.99,949.7,14.01,13814.91,2.21,1093.85
2021-06-30,Odisha,0.59,139.82,5.08,5006.27,5.61,2799.99
2021-06-30,Punjab,4.03,955.36,4.75,4714.3,11.63,5863.43
2021-06-30,Rajasthan,2.38,565.04,9.36,9294.15,12.23,6227.69
2021-06-30,Sikkim,4.63,1099.86,9.48,9480.99,6.74,3478.0
2021-06-30,Tamil Nadu,4.63,1102.93,4.79,4778.48,6.64,3414.92
2021-06-30,Telangana,1.62,385.95,12.48,12505.2,7.37,3821.7
2021-06-30,Tripura,0.92,218.96,7.89,7905.14,4.88,2559.93
2021-06-30,Uttar Pradesh,1.93,461.27,11.14,11243.56,6.81,3613.23
2021-06-30,Uttarakhand,1.39,333.79,11.72,11838.11,4.51,2397.04
2021-06-30,West Bengal,6.53,1571.79,2.95,2972.1,4.0,2124.13
2021-07-31,Andhra Pradesh,1.32,317.11,2.75,2786.25,2.35,1254.94
2021-07-31,Arunachal Pradesh,1.63,393.13,14.41,14676.55,11.25,6073.34
2021-07-31,Assam,1.38,334.9,11.96,12221.08,14.28,7719.83
2021-07-31,Bihar,3.33,814.17,14.74,15164.78,13.34,7228.97
2021-07-31,Chhattisgarh,4.66,1139.3,13.43,13823.71,3.3,1809.29
2021-07-31,Goa,5.78,1419.34,9.88,10179.06,2.15,1191.68
2021-07-31,Gujarat,6.55,1607.59,13.37,13788.67,10.62,5856.02
2021-07-31,Haryana,1.58,390.26,13.42,13914.0,6.32,3526.14
2021-07-31,Himachal Pradesh,3.66,900.14,7.54,7837.63,11.95,6635.11
2021-07-31,Jharkhand,1.83,450.45,6.63,6890.72,12.02,6722.52
2021-07-31,Karnataka,2.06,504.88,10.64,11119.13,12.77,7206.42
2021-07-31,Kerala,3.38,828.27,8.17,8587.85,10.92,6196.6
2021-07-31,Madhya Pradesh,1.29,317.37,8.68,9162.61,4.52,2557.56
2021-07-31,Maharashtra,4.91,1216.75,0.73,775.74,3.33,1901.57
2021-07-31,Manipur,5.18,1285.71,5.32,5676.97,1.59,904.17
2021-07-31,Meghalaya,0.84,210.02,9.13,9806.04,8.6,4939.5
2021-07-31,Mizoram,1.79,450.77,13.52,14484.0,10.88,6245.76
2021-07-31,Nagaland,0.81,205.34,10.71,11497.33,5.85,3382.96
2021-07-31,Odisha,4.85,1238.39,14.95,16082.61,1.8,1049.09
2021-07-31,Punjab,1.62,416.86,10.49,11266.06,7.69,4520.24
2021-07-31,Rajasthan,3.69,951.41,13.37,14307.95,9.05,5281.72
2021-07-31,Sikkim,5.32,1367.27,6.82,7344.3,4.61,2720.16
2021-07-31,Tamil Nadu,6.35,1642.13,8.57,9256.71,14.21,8384.34
2021-07-31,Telangana,5.3,1378.07,2.63,2850.29,11.12,6569.76
2021-07-31,Tripura,0.22,57.53,3.68,3974.41,13.02,7648.95
2021-07-31,Uttar Pradesh,4.52,1178.71,4.27,4603.45,14.15,8265.95
2021-07-31,Uttarakhand,2.99,783.9,14.29,15442.81,10.64,6242.49
2021-07-31,West Bengal,1.14,298.28,5.93,6436.98,2.59,1509.86
2021-08-31,Andhra Pradesh,4.99,1313.03,3.07,3347.64,6.56,3793.46
2021-08-31,Arunachal Pradesh,4.74,1246.11,5.91,6481.33,4.91,2860.8
2021-08-31,Assam,1.75,459.8,10.77,11817.55,12.64,7329.61
2021-08-31,Bihar,1.27,332.99,3.77,4148.58,11.65,6791.45
2021-08-31,Chhattisgarh,3.38,882.74,11.41,12532.02,1.55,897.89
2021-08-31,Goa,1.8,473.69,9.22,10187.16,14.65,8537.77
2021-08-31,Gujarat,4.52,1186.53,7.55,8362.7,11.83,6937.99
2021-08-31,Haryana,2.14,559.6,0.71,787.57,4.08,2403.58
2021-08-31,Himachal Pradesh,5.37,1413.65,12.72,14116.52,2.71,1610.96
2021-08-31,Jharkhand,3.11,815.94,10.75,11907.44,10.86,6446.51
2021-08-31,Karnataka,3.97,1045.65,9.84,10929.23,8.88,5296.18
2021-08-31,Kerala,1.18,310.79,13.83,15387.53,6.76,4010.15
2021-08-31,Madhya Pradesh,5.35,1415.3,13.37,14855.12,6.5,3842.19
2021-08-31,Maharashtra,3.81,1011.58,7.31,8161.66,14.84,8720.85
2021-08-31,Manipur,5.03,1344.8,6.79,7615.3,5.09,3016.42
2021-08-31,Meghalaya,4.14,1102.78,1.55,1745.97,8.93,5338.07
2021-08-31,Mizoram,4.66,1249.53,3.65,4123.8,8.36,5045.8
2021-08-31,Nagaland,4.48,1203.34,4.62,5220.42,13.86,8317.39
2021-08-31,Odisha,5.64,1508.65,3.21,3631.88,5.1,3043.35
2021-08-31,Punjab,4.73,1269.12,11.27,12748.06,7.85,4705.53
2021-08-31,Rajasthan,2.58,689.18,11.02,12442.35,8.44,5089.86
2021-08-31,Sikkim,2.43,651.12,4.69,5277.1,14.35,8594.8
2021-08-31,Tamil Nadu,2.98,799.58,9.47,10631.04,12.94,7795.82
2021-08-31,Telangana,1.76,473.66,2.14,2413.97,13.58,8215.37
2021-08-31,Tripura,1.68,451.89,1.13,1274.92,9.54,5801.34
2021-08-31,Uttar Pradesh,0.94,254.53,10.17,11470.77,9.45,5753.54
2021-08-31,Uttarakhand,6.69,1824.64,4.79,5387.97,8.75,5375.44
2021-08-31,West Bengal,1.92,527.1,4.62,5181.98,5.79,3566.61
2021-09-30,Andhra Pradesh,2.11,579.57,2.5,2821.29,9.1,5635.71
2021-09-30,Arunachal Pradesh,2.13,585.88,7.3,8294.6,11.71,7248.77
2021-09-30,Assam,2.96,819.07,3.74,4255.81,1.58,984.86
2021-09-30,Bihar,0.28,77.18,8.19,9287.35,9.54,5911.89
2021-09-30,Chhattisgarh,3.31,918.32,3.4,3851.22,8.87,5496.28
2021-09-30,Goa,3.44,954.65,4.2,4760.17,4.03,2503.24
2021-09-30,Gujarat,3.33,921.04,3.53,4005.38,10.84,6785.52
2021-09-30,Haryana,2.05,565.9,4.03,4570.46,13.08,8208.35
2021-09-30,Himachal Pradesh,3.45,948.69,2.19,2477.92,2.76,1736.27
2021-09-30,Jharkhand,3.78,1036.96,9.7,10957.09,13.18,8372.92
2021-09-30,Karnataka,2.65,729.17,1.16,1316.31,8.72,5509.58
2021-09-30,Kerala,1.11,307.03,9.25,10560.82,10.87,6832.07
2021-09-30,Madhya Pradesh,3.63,1006.85,8.61,9814.95,12.51,7818.56
2021-09-30,Maharashtra,5.92,1647.73,4.56,5199.18,12.93,8117.33
2021-09-30,Manipur,5.13,1436.77,4.62,5281.45,8.92,5579.24
2021-09-30,Meghalaya,2.9,815.88,12.4,14157.43,5.79,3645.01
2021-09-30,Mizoram,2.75,778.06,4.18,4791.85,11.14,7009.92
2021-09-30,Nagaland,4.82,1359.08,9.1,10397.91,10.49,6627.81
2021-09-30,Odisha,1.66,470.07,12.18,13957.69,1.69,1073.0
2021-09-30,Punjab,3.87,1093.26,8.48,9744.56,14.31,9046.13
2021-09-30,Rajasthan,2.19,620.33,2.69,3097.46,5.44,3450.67
2021-09-30,Sikkim,1.89,534.65,1.55,1780.64,3.39,2140.28
2021-09-30,Tamil Nadu,6.27,1778.93,12.5,14381.73,6.1,3839.78
2021-09-30,Telangana,5.01,1428.8,5.31,6131.35,12.19,7746.37
2021-09-30,Tripura,1.4,400.84,8.34,9643.61,14.81,9504.38
2021-09-30,Uttar Pradesh,4.52,1303.17,8.82,10181.68,5.11,3303.27
2021-09-30,Uttarakhand,1.75,507.93,4.02,4636.2,10.22,6625.52
2021-09-30,West Bengal,5.3,1534.12,3.45,3994.58,14.95,9648.24
2021-10-31,Andhra Pradesh,2.68,778.6,9.51,10981.06,7.61,4962.55
2021-10-31,Arunachal Pradesh,3.75,1091.67,8.3,9629.67,5.74,3721.13
2021-10-31,Assam,0.42,121.77,7.74,9037.56,11.22,7317.29
2021-10-31,Bihar,6.86,1999.72,6.16,7230.77,5.09,3301.28
2021-10-31,Chhattisgarh,2.12,615.92,14.42,16964.25,9.03,5910.64
2021-10-31,Goa,4.88,1421.1,6.76,7957.34,10.03,6628.56
2021-10-31,Gujarat,0.28,81.88,9.26,10958.9,10.0,6663.33
2021-10-31,Haryana,4.23,1239.84,1.42,1689.45,10.52,6997.88
2021-10-31,Himachal Pradesh,2.9,850.69,14.84,17762.39,3.84,2542.51
2021-10-31,Jharkhand,2.61,766.74,2.14,2561.1,7.69,5067.25
2021-10-31,Karnataka,4.69,1373.84,12.76,15286.63,3.73,2464.36
2021-10-31,Kerala,4.37,1283.53,10.13,12154.72,10.74,7111.58
2021-10-31,Madhya Pradesh,5.61,1643.27,9.69,11620.31,11.69,7705.41
2021-10-31,Maharashtra,6.13,1792.55,8.23,9865.73,11.28,7509.35
2021-10-31,Manipur,6.83,2009.4,14.77,17730.69,10.94,7304.86
2021-10-31,Meghalaya,4.59,1354.13,10.38,12488.42,5.21,3505.11
2021-10-31,Mizoram,5.07,1498.15,5.09,6137.19,3.07,2060.48
2021-10-31,Nagaland,5.93,1754.67,10.95,13169.45,2.49,1665.56
2021-10-31,Odisha,1.96,579.28,3.12,3771.55,14.28,9634.59
2021-10-31,Punjab,3.23,955.07,11.17,13496.98,7.58,5166.39
2021-10-31,Rajasthan,6.03,1791.09,14.2,17157.83,6.48,4424.16
2021-10-31,Sikkim,6.85,2036.8,11.17,13548.0,2.37,1608.2
2021-10-31,Tamil Nadu,6.5,1941.48,7.15,8674.83,8.88,5997.88
2021-10-31,Telangana,3.4,1021.37,12.04,14611.17,8.22,5552.77
2021-10-31,Tripura,1.56,467.12,6.29,7670.19,1.63,1105.23
2021-10-31,Uttar Pradesh,4.23,1272.14,4.29,5242.27,12.14,8253.35
2021-10-31,Uttarakhand,6.56,1968.71,6.15,7560.22,12.24,8341.57
2021-10-31,West Bengal,1.45,434.02,12.13,14892.86,2.2,1498.02
2021-11-30,Andhra Pradesh,6.01,1795.01,10.53,12935.65,3.27,2227.62
2021-11-30,Arunachal Pradesh,0.95,283.25,2.58,3183.5,14.78,10077.36
2021-11-30,Assam,1.91,570.64,12.09,14920.43,4.16,2854.25
2021-11-30,Bihar,4.7,1406.03,7.2,8890.45,1.96,1343.07
2021-11-30,Chhattisgarh,6.59,1978.63,10.73,13276.42,7.25,4939.81
2021-11-30,Goa,4.51,1355.63,14.88,18504.4,12.77,8706.66
2021-11-30,Gujarat,3.29,987.49,0.62,774.17,9.68,6585.29
2021-11-30,Haryana,3.55,1065.01,5.96,7457.9,2.19,1503.55
2021-11-30,Himachal Pradesh,0.28,84.32,5.88,7389.23,10.86,7462.43
2021-11-30,Jharkhand,1.81,547.99,3.63,4551.34,10.73,7336.0
2021-11-30,Karnataka,4.3,1297.51,13.49,16981.83,13.35,9166.24
2021-11-30,Kerala,6.04,1824.28,7.29,9169.59,10.78,7443.01
2021-11-30,Madhya Pradesh,0.84,254.01,12.86,16248.33,11.12,7678.86
2021-11-30,Maharashtra,4.61,1394.14,2.42,3052.7,2.54,1757.5
2021-11-30,Manipur,5.14,1552.07,6.85,8659.42,2.6,1799.9
2021-11-30,Meghalaya,4.23,1279.3,8.45,10722.49,9.3,6419.73
2021-11-30,Mizoram,3.24,981.55,11.63,14808.3,12.94,8938.61
2021-11-30,Nagaland,3.59,1092.78,1.2,1533.0,4.11,2832.21
2021-11-30,Odisha,6.19,1884.59,6.29,8079.65,14.09,9729.79
2021-11-30,Punjab,2.94,900.54,5.49,7046.71,9.58,6627.23
2021-11-30,Rajasthan,6.32,1931.31,12.35,15915.9,7.8,5387.97
2021-11-30,Sikkim,2.1,640.05,11.87,15332.72,2.09,1435.45
2021-11-30,Tamil Nadu,2.87,874.29,13.88,18004.08,4.56,3150.33
2021-11-30,Telangana,5.95,1807.49,9.59,12476.06,2.76,1915.35
2021-11-30,Tripura,2.23,677.34,5.09,6631.85,2.6,1812.87
2021-11-30,Uttar Pradesh,4.75,1437.56,1.31,1712.24,3.08,2153.87
2021-11-30,Uttarakhand,2.97,904.37,1.02,1336.22,1.25,882.86
2021-11-30,West Bengal,4.26,1301.46,11.28,14807.09,8.75,6176.24
2021-12-31,Andhra Pradesh,2.01,615.35,11.11,14616.04,5.07,3596.33
2021-12-31,Arunachal Pradesh,3.09,944.17,10.9,14309.71,3.95,2809.95
2021-12-31,Assam,3.08,941.12,12.6,16623.43,8.48,6089.01
2021-12-31,Bihar,1.06,325.5,14.74,19494.7,10.9,7822.99
2021-12-31,Chhattisgarh,2.28,702.0,2.62,3457.12,3.25,2321.13
2021-12-31,Goa,6.56,2022.25,12.08,15901.77,4.61,3296.44
2021-12-31,Gujarat,1.05,322.45,0.94,1237.42,5.13,3693.22
2021-12-31,Haryana,1.76,538.62,11.27,14816.49,9.38,6775.9
2021-12-31,Himachal Pradesh,4.59,1407.56,9.19,12061.69,9.06,6559.48
2021-12-31,Jharkhand,6.4,1961.95,9.93,13108.13,14.26,10367.06
2021-12-31,Karnataka,0.33,101.67,9.76,12863.74,4.88,3551.33
2021-12-31,Kerala,3.2,989.91,14.05,18590.54,10.76,7809.98
2021-12-31,Madhya Pradesh,3.43,1064.61,7.25,9638.78,6.83,4952.01
2021-12-31,Maharashtra,6.31,1957.86,6.73,8926.65,1.82,1314.83
2021-12-31,Manipur,5.93,1848.31,6.32,8432.41,1.51,1091.34
2021-12-31,Meghalaya,3.75,1172.24,14.43,19310.06,1.1,802.52
2021-12-31,Mizoram,3.73,1165.96,11.91,15938.71,14.34,10429.82
2021-12-31,Nagaland,6.7,2105.43,13.37,17906.23,2.77,2015.53
2021-12-31,Odisha,3.04,958.51,13.95,18733.8,13.25,9619.31
2021-12-31,Punjab,3.65,1153.83,6.28,8452.54,2.3,1676.37
2021-12-31,Rajasthan,1.34,424.22,11.07,14868.65,1.17,851.42
2021-12-31,Sikkim,0.64,202.88,2.88,3878.15,5.09,3694.51
2021-12-31,Tamil Nadu,6.85,2176.29,1.04,1402.82,9.37,6755.99
2021-12-31,Telangana,4.95,1577.36,4.89,6626.66,11.58,8352.61
2021-12-31,Tripura,4.55,1447.99,3.53,4808.82,10.28,7417.13
2021-12-31,Uttar Pradesh,0.32,101.46,13.73,18699.14,13.08,9403.05
2021-12-31,Uttarakhand,5.65,1797.8,7.38,10074.1,3.37,2412.21
2021-12-31,West Bengal,0.67,213.18,6.34,8653.43,4.19,3027.92
2022-01-31,Andhra Pradesh,4.22,1348.81,3.11,4254.17,14.41,10356.52
2022-01-31,Arunachal Pradesh,4.49,1435.58,8.77,12042.76,2.36,1692.71
2022-01-31,Assam,5.36,1717.53,5.44,7456.13,7.78,5605.37
2022-01-31,Bihar,2.4,770.46,4.21,5756.84,12.77,9153.78
2022-01-31,Chhattisgarh,4.07,1303.41,13.0,17861.22,5.28,3777.35
2022-01-31,Goa,4.36,1403.76,10.12,13921.7,9.67,6906.13
2022-01-31,Gujarat,2.56,825.65,7.06,9733.84,3.97,2829.98
2022-01-31,Haryana,3.82,1238.6,12.46,17182.82,3.2,2282.21
2022-01-31,Himachal Pradesh,2.64,857.51,4.33,5988.02,5.34,3814.85
2022-01-31,Jharkhand,1.12,365.89,10.14,14058.91,13.15,9455.63
2022-01-31,Karnataka,0.8,261.42,6.96,9650.71,10.4,7442.72
2022-01-31,Kerala,4.33,1422.21,8.36,11610.64,5.94,4227.95
2022-01-31,Madhya Pradesh,4.33,1422.79,10.17,14148.56,14.48,10268.94
2022-01-31,Maharashtra,1.29,423.36,9.94,13886.5,13.07,9291.99
2022-01-31,Manipur,1.47,482.6,0.59,822.9,12.55,8910.09
2022-01-31,Meghalaya,3.04,1000.37,7.44,10390.08,14.72,10491.32
2022-01-31,Mizoram,1.86,611.75,14.66,20481.63,12.45,8895.76
2022-01-31,Nagaland,6.69,2206.34,9.26,12907.78,2.81,2014.9
2022-01-31,Odisha,0.27,88.72,5.2,7253.18,8.79,6330.62
2022-01-31,Punjab,1.92,630.34,11.94,16700.63,9.77,7068.95
2022-01-31,Rajasthan,0.74,242.67,4.98,6979.59,13.13,9441.89
2022-01-31,Sikkim,3.16,1038.18,10.57,14775.0,4.96,3587.42
2022-01-31,Tamil Nadu,0.93,305.07,11.08,15458.41,7.49,5442.42
2022-01-31,Telangana,6.58,2154.63,6.17,8652.79,13.94,10179.78
2022-01-31,Tripura,1.74,571.05,2.19,3078.4,8.56,6242.53
2022-01-31,Uttar Pradesh,5.09,1668.36,12.08,16989.88,4.27,3141.45
2022-01-31,Uttarakhand,4.16,1358.55,13.22,18549.13,11.19,8198.82
2022-01-31,West Bengal,5.24,1715.74,5.25,7368.56,9.23,6818.06
2022-02-28,Andhra Pradesh,1.77,580.24,1.76,2475.64,5.05,3742.38
2022-02-28,Arunachal Pradesh,2.37,778.85,3.19,4499.43,12.89,9538.28
2022-02-28,Assam,4.74,1553.71,4.28,6060.68,3.61,2686.71
2022-02-28,Bihar,2.67,880.32,12.84,18161.55,4.32,3244.92
2022-02-28,Chhattisgarh,5.86,1925.27,1.99,2809.2,9.81,7366.14
2022-02-28,Goa,1.25,411.48,11.33,15965.02,2.5,1888.59
2022-02-28,Gujarat,2.85,943.52,1.01,1426.65,10.84,8236.41
2022-02-28,Haryana,4.68,1551.73,13.49,19036.75,1.32,1000.5
2022-02-28,Himachal Pradesh,0.72,238.41,13.39,18971.3,6.55,4941.49
2022-02-28,Jharkhand,6.25,2063.17,0.54,764.21,3.62,2751.28
2022-02-28,Karnataka,6.83,2250.02,3.81,5411.86,9.02,6899.69
2022-02-28,Kerala,3.23,1062.88,8.38,11893.34,5.23,4021.45
2022-02-28,Madhya Pradesh,4.5,1487.47,14.61,20820.64,9.56,7345.74
2022-02-28,Maharashtra,5.82,1928.05,13.67,19563.15,8.72,6682.5
2022-02-28,Manipur,2.21,735.49,6.57,9376.16,9.6,7379.33
2022-02-28,Meghalaya,5.11,1709.42,8.13,11582.03,4.99,3854.54
2022-02-28,Mizoram,3.73,1249.05,2.6,3713.07,6.62,5091.81
2022-02-28,Nagaland,3.93,1322.89,3.9,5566.16,8.68,6686.35
2022-02-28,Odisha,2.94,989.09,0.86,1231.66,6.78,5242.02
2022-02-28,Punjab,1.35,454.98,14.66,21024.77,12.28,9539.8
2022-02-28,Rajasthan,2.7,913.75,5.02,7207.61,14.14,10996.59
2022-02-28,Sikkim,2.19,744.08,10.15,14624.8,12.35,9550.72
2022-02-28,Tamil Nadu,4.52,1538.19,3.05,4395.62,9.13,7051.89
2022-02-28,Telangana,4.43,1514.96,12.81,18474.24,5.34,4150.75
2022-02-28,Tripura,0.34,116.45,9.27,13387.62,8.31,6486.5
2022-02-28,Uttar Pradesh,1.02,349.74,7.22,10464.65,1.53,1201.29
2022-02-28,Uttarakhand,2.2,754.95,9.69,14111.35,10.63,8309.94
2022-02-28,West Bengal,6.58,2266.54,3.64,5301.95,4.04,3157.74
2022-03-31,Andhra Pradesh,5.96,2052.65,13.2,19189.12,10.01,7811.15
2022-03-31,Arunachal Pradesh,0.59,203.7,3.44,5012.81,2.35,1826.45
2022-03-31,Assam,5.81,2010.86,3.09,4493.33,6.4,5006.53
2022-03-31,Bihar,2.97,1025.56,10.66,15500.44,9.55,7477.9
2022-03-31,Chhattisgarh,5.89,2029.83,6.83,9918.47,9.88,7769.7
2022-03-31,Goa,3.38,1169.17,13.55,19651.54,3.12,2451.51
2022-03-31,Gujarat,0.65,224.63,6.24,9096.21,6.0,4718.2
2022-03-31,Haryana,5.16,1789.42,6.59,9602.9,8.29,6530.46
2022-03-31,Himachal Pradesh,6.72,2330.58,6.6,9643.64,8.37,6617.53
2022-03-31,Jharkhand,1.2,418.32,10.31,15095.66,11.76,9271.16
2022-03-31,Karnataka,2.7,941.03,9.21,13539.37,10.08,8012.27
2022-03-31,Kerala,5.19,1804.1,2.6,3832.41,4.73,3786.31
2022-03-31,Madhya Pradesh,5.21,1821.34,6.37,9438.11,14.41,11563.43
2022-03-31,Maharashtra,4.76,1666.92,12.29,18254.95,9.57,7678.36
2022-03-31,Manipur,4.33,1512.04,5.94,8828.38,2.73,2178.36
2022-03-31,Meghalaya,3.55,1235.43,10.54,15700.34,12.4,9849.44
2022-03-31,Mizoram,4.99,1742.32,6.16,9222.76,10.96,8718.23
2022-03-31,Nagaland,0.95,330.61,11.43,17159.56,11.65,9340.54
2022-03-31,Odisha,1.58,548.43,12.05,18168.17,10.46,8406.48
2022-03-31,Punjab,6.18,2147.86,8.11,12218.6,7.43,5937.69
2022-03-31,Rajasthan,2.52,877.17,5.19,7844.01,6.47,5161.21
2022-03-31,Sikkim,0.62,216.68,14.6,22045.84,5.22,4166.17
2022-03-31,Tamil Nadu,1.38,483.06,10.47,15814.58,11.26,8973.63
2022-03-31,Telangana,0.73,256.93,14.66,22158.32,3.2,2564.74
2022-03-31,Tripura,5.18,1823.5,1.1,1658.54,9.47,7563.2
2022-03-31,Uttar Pradesh,5.61,1984.22,10.54,15887.53,4.08,3272.26
2022-03-31,Uttarakhand,2.78,985.18,4.31,6522.34,11.87,9557.35
2022-03-31,West Bengal,5.67,2007.51,5.28,8012.45,8.53,6826.79
2022-04-30,Andhra Pradesh,6.08,2158.05,12.5,19023.26,2.79,2225.24
2022-04-30,Arunachal Pradesh,1.71,605.68,10.54,16024.76,12.0,9536.78
2022-04-30,Assam,6.43,2270.26,10.51,15969.88,14.73,11763.32
2022-04-30,Bihar,3.08,1092.43,14.42,21909.46,7.0,5636.27
2022-04-30,Chhattisgarh,3.42,1211.67,2.4,3653.72,5.74,4636.61
2022-04-30,Goa,5.69,2009.38,11.63,17707.07,9.95,8001.48
2022-04-30,Gujarat,3.82,1353.92,5.85,8914.17,2.43,1951.95
2022-04-30,Haryana,0.82,290.41,1.06,1621.23,12.74,10299.75
2022-04-30,Himachal Pradesh,1.66,585.98,4.22,6456.2,13.75,11089.27
2022-04-30,Jharkhand,1.37,484.97,5.98,9176.93,7.47,6042.95
2022-04-30,Karnataka,5.0,1771.52,12.11,18566.49,6.06,4911.86
2022-04-30,Kerala,5.91,2091.99,13.42,20596.19,14.85,12049.09
2022-04-30,Madhya Pradesh,5.54,1954.86,12.22,18783.6,3.43,2768.11
2022-04-30,Maharashtra,5.57,1967.01,13.65,21064.11,11.41,9262.82
2022-04-30,Manipur,3.91,1387.28,9.82,15148.05,7.1,5757.58
2022-04-30,Meghalaya,2.4,855.42,12.79,19741.17,15.0,12165.12
2022-04-30,Mizoram,5.64,2009.65,1.86,2864.46,4.36,3541.22
2022-04-30,Nagaland,1.46,520.13,1.77,2720.07,7.04,5742.22
2022-04-30,Odisha,6.81,2423.77,3.13,4833.41,2.97,2429.7
2022-04-30,Punjab,3.32,1178.5,14.5,22401.51,7.86,6413.34
2022-04-30,Rajasthan,3.95,1406.27,8.65,13416.42,1.82,1496.29
2022-04-30,Sikkim,6.55,2334.28,11.3,17495.14,1.56,1286.37
2022-04-30,Tamil Nadu,6.35,2275.49,6.64,10311.74,14.35,11863.53
2022-04-30,Telangana,4.56,1642.62,9.07,14051.32,7.48,6176.58
2022-04-30,Tripura,3.61,1302.27,3.77,5867.03,4.27,3527.3
2022-04-30,Uttar Pradesh,1.24,448.92,9.06,14096.24,12.04,10002.35
2022-04-30,Uttarakhand,2.32,842.14,10.62,16585.06,13.12,10893.36
2022-04-30,West Bengal,3.44,1249.86,14.09,22084.73,6.65,5544.13
2022-05-31,Andhra Pradesh,6.07,2210.62,6.01,9453.73,14.54,12089.58
2022-05-31,Arunachal Pradesh,5.56,2029.61,5.02,7909.5,14.94,12413.13
2022-05-31,Assam,6.41,2337.84,5.85,9201.75,9.8,8114.97
2022-05-31,Bihar,4.23,1542.35,12.56,19849.49,8.74,7279.06
2022-05-31,Chhattisgarh,1.21,442.5,3.16,4985.46,10.99,9202.83
2022-05-31,Goa,6.9,2518.78,10.66,16792.44,8.94,7482.47
2022-05-31,Gujarat,4.92,1796.36,11.55,18214.64,6.51,5489.14
2022-05-31,Haryana,1.97,718.28,1.64,2586.31,3.61,3041.02
2022-05-31,Himachal Pradesh,1.23,447.12,13.16,20721.01,7.11,5955.42
2022-05-31,Jharkhand,0.43,156.34,2.2,3477.87,9.7,8192.5
2022-05-31,Karnataka,5.95,2172.64,1.24,1964.52,12.97,10938.96
2022-05-31,Kerala,3.34,1226.02,14.67,23351.64,4.05,3434.53
2022-05-31,Madhya Pradesh,4.55,1674.91,13.1,20811.5,3.78,3231.45
2022-05-31,Maharashtra,5.77,2124.88,12.17,19315.42,8.6,7359.82
2022-05-31,Manipur,4.98,1841.77,2.63,4173.31,6.78,5789.39
2022-05-31,Meghalaya,4.24,1570.73,4.62,7350.53,7.1,6050.02
2022-05-31,Mizoram,5.53,2048.33,5.76,9205.82,7.26,6190.41
2022-05-31,Nagaland,0.25,92.42,6.65,10623.08,2.49,2136.86
2022-05-31,Odisha,1.82,670.92,0.69,1099.9,8.56,7327.19
2022-05-31,Punjab,4.08,1507.3,3.14,5024.51,2.61,2231.86
2022-05-31,Rajasthan,1.13,416.25,8.36,13371.33,1.04,894.27
2022-05-31,Sikkim,4.08,1503.78,5.98,9565.96,11.83,10162.95
2022-05-31,Tamil Nadu,5.29,1945.53,7.21,11535.92,9.31,8062.71
2022-05-31,Telangana,1.66,611.49,3.35,5364.19,12.31,10692.0
2022-05-31,Tripura,4.65,1717.39,6.95,11137.23,8.24,7210.95
2022-05-31,Uttar Pradesh,5.53,2049.08,4.26,6836.8,10.5,9190.53
2022-05-31,Uttarakhand,2.39,888.78,2.14,3440.74,8.04,7000.67
2022-05-31,West Bengal,3.36,1250.48,14.88,24020.54,13.95,12100.53
2022-06-30,Andhra Pradesh,4.33,1612.63,2.02,3263.84,6.4,5544.82
2022-06-30,Arunachal Pradesh,2.47,921.26,1.19,1920.31,12.12,10460.81
2022-06-30,Assam,0.79,294.09,11.09,17965.78,9.55,8305.76
2022-06-30,Bihar,3.36,1250.58,7.31,11835.9,8.31,7235.76
2022-06-30,Chhattisgarh,6.56,2441.89,11.11,17965.81,8.42,7350.14
2022-06-30,Goa,2.57,958.42,1.99,3219.53,8.23,7173.63
2022-06-30,Gujarat,1.2,447.6,10.96,17750.27,7.23,6350.54
2022-06-30,Haryana,3.44,1279.71,3.87,6260.89,2.15,1898.66
2022-06-30,Himachal Pradesh,0.5,185.7,12.76,20716.46,8.4,7461.67
2022-06-30,Jharkhand,1.51,563.81,3.06,4965.22,9.27,8216.21
2022-06-30,Karnataka,4.91,1828.01,10.6,17283.11,6.2,5508.71
2022-06-30,Kerala,0.97,362.0,8.11,13236.35,5.52,4935.63
2022-06-30,Madhya Pradesh,6.87,2569.5,3.02,4926.05,9.34,8398.3
2022-06-30,Maharashtra,6.57,2461.56,4.26,6972.4,10.14,9174.77
2022-06-30,Manipur,5.64,2110.32,13.77,22644.44,2.22,2021.71
2022-06-30,Meghalaya,3.66,1368.57,3.78,6221.56,1.7,1540.63
2022-06-30,Mizoram,1.67,625.83,5.6,9232.27,10.82,9807.64
2022-06-30,Nagaland,1.86,696.68,4.18,6918.89,7.98,7200.99
2022-06-30,Odisha,1.95,728.6,0.74,1225.19,6.63,5957.42
2022-06-30,Punjab,4.23,1579.85,4.85,8038.01,2.05,1842.82
2022-06-30,Rajasthan,2.37,888.21,10.92,18128.14,7.35,6639.2
2022-06-30,Sikkim,0.72,271.03,2.51,4172.55,9.66,8703.21
2022-06-30,Tamil Nadu,5.01,1890.3,6.89,11438.89,1.18,1068.03
2022-06-30,Telangana,5.97,2256.29,0.55,914.92,13.8,12436.61
2022-06-30,Tripura,1.1,416.82,5.94,9909.09,11.71,10516.56
2022-06-30,Uttar Pradesh,2.65,1005.72,10.91,18210.61,10.36,9297.96
2022-06-30,Uttarakhand,5.16,1963.22,7.38,12377.47,12.46,11223.66
2022-06-30,West Bengal,3.47,1317.95,8.74,14657.38,6.49,5847.92
2022-07-31,Andhra Pradesh,3.52,1343.88,11.99,20171.56,2.59,2340.61
2022-07-31,Arunachal Pradesh,5.01,1915.02,13.85,23303.17,5.16,4669.46
2022-07-31,Assam,5.54,2115.64,13.07,22018.33,9.27,8355.22
2022-07-31,Bihar,3.49,1330.99,7.88,13250.5,13.61,12354.43
2022-07-31,Chhattisgarh,0.71,270.77,14.55,24426.93,6.06,5516.68
2022-07-31,Goa,0.64,245.12,14.16,23876.55,11.86,10808.67
2022-07-31,Gujarat,2.7,1038.43,6.31,10656.28,5.06,4638.03
2022-07-31,Haryana,2.02,779.69,2.44,4129.54,6.24,5757.67
2022-07-31,Himachal Pradesh,0.9,348.55,8.24,13932.35,3.69,3392.11
2022-07-31,Jharkhand,2.3,888.97,10.28,17353.66,5.13,4728.38
2022-07-31,Karnataka,0.64,248.16,11.96,20233.75,1.87,1715.9
2022-07-31,Kerala,4.31,1673.12,2.28,3871.78,1.66,1530.42
2022-07-31,Madhya Pradesh,3.22,1247.99,5.62,9521.38,2.85,2637.62
2022-07-31,Maharashtra,3.38,1314.91,8.01,13560.69,12.24,11403.55
2022-07-31,Manipur,2.64,1026.86,7.28,12379.8,13.35,12448.5
2022-07-31,Meghalaya,2.07,808.51,6.18,10532.86,4.56,4267.3
2022-07-31,Mizoram,5.35,2091.78,11.75,20026.56,5.43,5100.51
2022-07-31,Nagaland,1.26,495.03,7.36,12539.68,7.59,7142.88
2022-07-31,Odisha,4.6,1805.42,14.99,25650.63,4.97,4667.82
2022-07-31,Punjab,2.98,1166.42,0.81,1390.11,4.11,3884.86
2022-07-31,Rajasthan,4.71,1838.06,10.24,17564.91,4.91,4651.46
2022-07-31,Sikkim,1.25,486.31,1.08,1853.5,3.99,3792.76
2022-07-31,Tamil Nadu,0.92,359.5,6.18,10584.57,3.85,3654.57
2022-07-31,Telangana,4.24,1663.62,7.55,12920.76,14.77,13993.14
2022-07-31,Tripura,2.5,982.91,7.36,12614.8,10.28,9799.02
2022-07-31,Uttar Pradesh,5.59,2198.32,5.49,9453.55,1.46,1394.54
2022-07-31,Uttarakhand,2.19,858.7,0.86,1483.9,13.19,12540.5
2022-07-31,West Bengal,2.75,1082.37,13.5,23401.17,13.27,12705.37
2022-08-31,Andhra Pradesh,2.9,1147.09,11.03,19116.33,12.76,12296.73
2022-08-31,Arunachal Pradesh,5.92,2340.08,12.48,21632.29,11.04,10604.84
2022-08-31,Assam,2.78,1102.37,9.52,16466.5,10.39,9982.34
2022-08-31,Bihar,0.28,110.99,4.28,7411.77,7.22,6933.06
2022-08-31,Chhattisgarh,4.1,1632.45,7.43,12882.58,14.39,13814.12
2022-08-31,Goa,6.01,2400.31,2.86,4950.09,4.69,4522.66
2022-08-31,Gujarat,1.7,680.1,9.73,16886.51,14.55,14031.59
2022-08-31,Haryana,3.03,1216.5,8.95,15514.6,12.21,11741.32
2022-08-31,Himachal Pradesh,5.4,2173.17,6.62,11497.69,8.8,8429.51
2022-08-31,Jharkhand,6.7,2702.13,1.31,2273.77,13.32,12815.86
2022-08-31,Karnataka,2.12,853.64,5.71,9902.06,13.43,12971.26
2022-08-31,Kerala,2.98,1203.17,1.24,2153.96,14.29,13865.83
2022-08-31,Madhya Pradesh,1.69,684.75,12.1,21086.64,1.13,1100.49
2022-08-31,Maharashtra,0.61,247.42,7.35,12791.96,9.69,9425.6
2022-08-31,Manipur,1.84,745.34,9.31,16168.15,11.81,11523.17
2022-08-31,Meghalaya,6.18,2500.29,13.67,23783.44,14.04,13686.99
2022-08-31,Mizoram,1.24,502.11,6.13,10692.9,10.22,10028.63
2022-08-31,Nagaland,0.37,150.18,8.01,13943.76,3.4,3337.31
2022-08-31,Odisha,2.65,1079.38,14.84,25932.68,2.67,2607.48
2022-08-31,Punjab,3.57,1450.88,13.63,23863.08,4.36,4284.25
2022-08-31,Rajasthan,6.65,2713.42,5.39,9479.28,12.4,12130.07
2022-08-31,Sikkim,5.56,2267.25,14.84,26167.24,4.7,4588.21
2022-08-31,Tamil Nadu,3.74,1530.58,13.44,23663.18,7.57,7388.91
2022-08-31,Telangana,1.28,522.78,4.29,7567.76,4.88,4774.94
2022-08-31,Tripura,1.44,588.55,2.88,5088.6,3.38,3292.48
2022-08-31,Uttar Pradesh,6.69,2744.1,6.33,11176.73,6.08,5941.78
2022-08-31,Uttarakhand,2.84,1168.83,0.85,1506.0,3.56,3495.83
2022-08-31,West Bengal,6.35,2619.32,0.91,1612.98,11.8,11664.51
2022-09-30,Andhra Pradesh,0.85,350.81,13.42,23782.57,4.13,4099.23
2022-09-30,Arunachal Pradesh,0.36,149.0,4.8,8525.15,11.36,11290.35
2022-09-30,Assam,0.42,174.37,5.06,9015.03,7.53,7489.21
2022-09-30,Bihar,3.53,1471.86,0.72,1288.02,11.77,11678.16
2022-09-30,Chhattisgarh,2.32,971.93,1.87,3352.7,2.32,2316.46
2022-09-30,Goa,0.35,146.94,2.03,3653.51,14.24,14210.68
2022-09-30,Gujarat,0.7,293.73,5.43,9788.65,5.37,5336.74
2022-09-30,Haryana,6.52,2732.13,9.19,16621.28,5.65,5611.97
2022-09-30,Himachal Pradesh,5.08,2125.87,10.34,18774.98,8.57,8545.52
2022-09-30,Jharkhand,5.64,2357.47,6.37,11567.85,5.87,5886.15
2022-09-30,Karnataka,4.63,1940.39,7.67,13903.47,2.87,2871.14
2022-09-30,Kerala,0.63,265.1,10.98,19870.95,6.3,6285.8
2022-09-30,Madhya Pradesh,4.61,1948.19,2.0,3617.52,5.92,5936.48
2022-09-30,Maharashtra,0.63,267.07,10.62,19275.46,1.88,1893.04
2022-09-30,Manipur,2.23,946.87,1.72,3121.09,14.0,14037.42
2022-09-30,Meghalaya,1.23,523.83,13.55,24663.69,3.71,3708.19
2022-09-30,Mizoram,1.87,798.6,7.15,13025.95,10.0,10059.23
2022-09-30,Nagaland,1.88,801.58,14.35,26172.77,12.4,12466.9
2022-09-30,Odisha,5.71,2433.64,7.59,13868.77,4.3,4347.88
2022-09-30,Punjab,5.78,2465.52,9.34,17127.71,14.61,14874.94
2022-09-30,Rajasthan,6.94,2959.4,10.79,19769.03,1.78,1808.66
2022-09-30,Sikkim,2.78,1188.33,8.12,14869.08,4.57,4668.75
2022-09-30,Tamil Nadu,6.65,2836.33,3.56,6528.53,1.48,1517.78
2022-09-30,Telangana,5.0,2130.35,4.89,8987.96,4.21,4311.55
2022-09-30,Tripura,6.59,2808.7,0.7,1290.03,6.99,7188.63
2022-09-30,Uttar Pradesh,0.26,110.59,14.07,25899.16,3.9,4036.59
2022-09-30,Uttarakhand,3.7,1572.82,2.16,3973.81,10.76,11146.12
2022-09-30,West Bengal,3.41,1454.08,9.35,17205.11,8.92,9265.48
2022-10-31,Andhra Pradesh,5.23,2231.34,4.79,8849.74,6.15,6408.15
2022-10-31,Arunachal Pradesh,4.36,1856.62,3.1,5724.54,8.41,8797.18
2022-10-31,Assam,6.42,2729.1,7.71,14218.89,4.93,5172.26
2022-10-31,Bihar,3.58,1521.59,14.89,27579.16,11.62,12264.6
2022-10-31,Chhattisgarh,4.78,2028.13,2.86,5297.81,12.35,13051.98
2022-10-31,Goa,6.57,2780.46,3.86,7134.94,7.26,7658.43
2022-10-31,Gujarat,4.96,2098.29,11.94,22085.22,9.56,10052.37
2022-10-31,Haryana,1.13,479.19,0.88,1633.21,10.29,10822.9
2022-10-31,Himachal Pradesh,3.75,1593.36,4.22,7826.57,13.39,14047.43
2022-10-31,Jharkhand,3.18,1353.78,6.59,12208.11,1.26,1316.51
2022-10-31,Karnataka,3.58,1523.29,13.71,25344.22,3.9,4070.89
2022-10-31,Kerala,5.42,2301.36,3.55,6567.85,6.58,6895.51
2022-10-31,Madhya Pradesh,6.89,2924.02,11.49,21324.58,9.56,10034.39
2022-10-31,Maharashtra,4.31,1825.58,0.61,1136.8,2.41,2528.94
2022-10-31,Manipur,4.26,1801.21,11.43,21259.74,3.59,3773.94
2022-10-31,Meghalaya,1.26,533.22,3.24,6046.45,3.58,3746.64
2022-10-31,Mizoram,6.61,2801.02,6.65,12452.33,1.74,1826.36
2022-10-31,Nagaland,5.92,2504.2,11.76,22041.31,8.15,8597.51
2022-10-31,Odisha,0.99,417.7,3.37,6303.86,14.75,15486.42
2022-10-31,Punjab,2.61,1099.44,0.7,1312.86,11.99,12604.93
2022-10-31,Rajasthan,4.97,2094.62,10.75,20140.69,6.23,6526.07
2022-10-31,Sikkim,6.06,2565.65,0.88,1652.08,8.72,9163.51
2022-10-31,Tamil Nadu,4.98,2106.9,6.54,12315.1,6.5,6833.41
2022-10-31,Telangana,6.86,2913.42,4.96,9363.1,3.99,4221.12
2022-10-31,Tripura,1.35,574.14,5.63,10621.36,9.14,9695.83
2022-10-31,Uttar Pradesh,3.59,1529.6,9.97,18852.84,8.94,9488.53
2022-10-31,Uttarakhand,5.61,2391.84,6.29,11879.31,4.58,4889.73
2022-10-31,West Bengal,1.87,800.06,14.76,27877.38,4.86,5219.06
2022-11-30,Andhra Pradesh,4.21,1806.35,10.21,19346.58,5.6,6038.26
2022-11-30,Arunachal Pradesh,6.48,2778.4,6.48,12320.88,12.73,13776.27
2022-11-30,Assam,0.41,175.89,3.43,6544.19,9.63,10410.96
2022-11-30,Bihar,0.38,163.35,13.01,24907.32,4.3,4641.72
2022-11-30,Chhattisgarh,2.09,900.38,12.89,24766.71,3.69,3997.99
2022-11-30,Goa,3.73,1609.89,10.73,20628.39,8.37,9038.64
2022-11-30,Gujarat,1.55,667.16,9.23,17735.82,8.71,9402.11
2022-11-30,Haryana,4.34,1863.63,13.51,25952.54,3.05,3303.72
2022-11-30,Himachal Pradesh,5.17,2214.8,8.35,16101.47,14.66,15869.45
2022-11-30,Jharkhand,5.11,2192.07,2.59,5010.41,14.13,15286.37
2022-11-30,Karnataka,2.58,1111.17,3.03,5883.82,11.12,12004.09
2022-11-30,Kerala,6.92,2984.98,5.77,11195.2,9.87,10670.8
2022-11-30,Madhya Pradesh,5.15,2223.77,5.92,11488.58,4.31,4656.28
2022-11-30,Maharashtra,3.81,1642.14,4.73,9164.82,4.9,5288.65
2022-11-30,Manipur,4.33,1874.75,6.57,12716.96,12.66,13647.57
2022-11-30,Meghalaya,0.62,269.27,6.93,13465.53,14.55,15692.19
2022-11-30,Mizoram,4.56,1980.53,8.55,16588.96,3.11,3352.59
2022-11-30,Nagaland,5.36,2337.07,0.78,1514.08,13.99,15014.18
2022-11-30,Odisha,2.94,1282.24,1.43,2779.33,12.49,13441.1
2022-11-30,Punjab,4.56,1988.23,3.45,6711.2,11.03,11936.83
2022-11-30,Rajasthan,5.68,2475.01,14.45,28060.02,12.76,13778.33
2022-11-30,Sikkim,4.36,1898.36,6.92,13492.07,2.44,2650.4
2022-11-30,Tamil Nadu,3.96,1724.6,12.6,24638.18,8.4,9147.0
2022-11-30,Telangana,5.93,2581.83,14.28,27981.11,6.21,6781.0
2022-11-30,Tripura,6.45,2809.09,2.38,4677.52,6.88,7529.77
2022-11-30,Uttar Pradesh,2.5,1090.92,1.95,3829.54,11.56,12631.46
2022-11-30,Uttarakhand,2.52,1100.43,13.16,25807.68,10.97,12008.03
2022-11-30,West Bengal,6.07,2646.3,8.01,15696.7,7.86,8658.31
2022-12-31,Andhra Pradesh,5.3,2314.82,6.18,12127.43,3.78,4161.95
2022-12-31,Arunachal Pradesh,2.85,1246.39,14.3,28079.91,14.1,15465.63
2022-12-31,Assam,5.89,2587.32,11.13,21839.99,5.22,5760.57
2022-12-31,Bihar,2.2,968.65,13.34,26165.57,4.17,4601.71
2022-12-31,Chhattisgarh,4.11,1809.09,12.06,23660.18,8.42,9303.83
2022-12-31,Goa,0.71,312.44,12.17,23910.58,13.46,14824.41
2022-12-31,Gujarat,2.31,1019.51,14.26,27972.75,8.21,9063.43
2022-12-31,Haryana,2.8,1235.29,12.61,24783.3,13.27,14697.92
2022-12-31,Himachal Pradesh,2.92,1291.65,11.77,23118.01,6.98,7720.88
2022-12-31,Jharkhand,1.27,562.3,3.95,7760.02,13.24,14607.68
2022-12-31,Karnataka,2.89,1281.91,2.41,4739.71,14.95,16545.23
2022-12-31,Kerala,1.26,558.86,1.17,2305.75,13.64,15027.77
2022-12-31,Madhya Pradesh,0.47,209.03,8.3,16342.44,6.97,7690.26
2022-12-31,Maharashtra,4.13,1836.98,8.09,15958.71,10.29,11407.45
2022-12-31,Manipur,2.16,962.8,3.37,6640.83,11.36,12557.01
2022-12-31,Meghalaya,5.14,2289.32,1.81,3572.35,8.03,8878.15
2022-12-31,Mizoram,0.26,116.05,13.47,26582.04,2.4,2655.65
2022-12-31,Nagaland,1.33,593.19,0.95,1882.14,2.53,2801.86
2022-12-31,Odisha,2.94,1314.7,4.86,9616.76,3.06,3396.75
2022-12-31,Punjab,2.83,1270.35,7.08,14051.62,6.1,6754.25
2022-12-31,Rajasthan,4.5,2027.02,9.89,19680.37,5.56,6180.71
2022-12-31,Sikkim,0.46,208.1,4.79,9542.95,4.19,4677.69
2022-12-31,Tamil Nadu,2.31,1045.47,14.13,28114.6,11.55,12857.99
2022-12-31,Telangana,4.09,1856.98,1.51,3015.63,13.91,15454.36
2022-12-31,Tripura,3.14,1430.94,5.67,11308.06,5.6,6236.46
2022-12-31,Uttar Pradesh,6.67,3041.6,3.45,6883.3,5.5,6123.87
2022-12-31,Uttarakhand,0.76,347.4,9.84,19672.71,10.34,11513.23
2022-12-31,West Bengal,5.91,2697.84,9.61,19274.5,14.28,15893.54
